Workbook

Sheet Ranking Temporada
A1: Deck con mayor Win% de la temporada | J1: Mayor asistencia mensual | O1: Representacion de sets
A2: El minimo de partidas para que un deck entre a la lista es 10. Se aplica
A3: Set | B3: Deck | C3: Partidas Jugadas | D3: Wilson Score | E3: Win % | F3: Carta 1 | G3: Carta 2 | H3: Carta 3 | J3: Jugador | K3: Partidas | L3: Sets diferentes | M3: Signature | O3: Set | P3: Partidas | Q3: Jugadores | R3: Imagen
A4: =IFERROR(__xludf.DUMMYFUNCTION("QUERY( Set_Stats!E4:K1000, ""SELECT Col1,Col2,Col6,Col7,Col5 WHERE Col6 >= 10 AND Col1 <> '?' AND Col2 <> '?' ORDER BY Col7 DESC"", 0 )"),"OSK") -> OSK | B4: =IFERROR(__xludf.DUMMYFUNCTION("""COMPUTED_VALUE"""),"Door Pants") -> Door Pants | C4: =IFERROR(__xludf.DUMMYFUNCTION("""COMPUTED_VALUE"""),31.0) -> 31 | D4: =IFERROR(__xludf.DUMMYFUNCTION("""COMPUTED_VALUE"""),0.501406855599508) -> 0.50140686 | E4: =IFERROR(__xludf.DUMMYFUNCTION("""COMPUTED_VALUE"""),0.6774193548387096) -> 0.67741935 | F4: =IFERROR(__xludf.DUMMYFUNCTION("IF(A4="""","""",IMAGE(QUERY('Deck Info'!A:F,""SELECT D WHERE A = '""&A4&""' AND B = '""&B4&""'"")))"),"") | G4: =IFERROR(__xludf.DUMMYFUNCTION("IF(A4="""","""",IMAGE(QUERY('Deck Info'!A:F,""SELECT E WHERE A = '""&A4&""' AND B = '""&B4&""'"")))"),"") | H4: =IFERROR(__xludf.DUMMYFUNCTION("IF(A4="""","""",IMAGE(QUERY('Deck Info'!A:F,""SELECT F WHERE A = '""&A4&""' AND B = '""&B4&""'"")))"),"") | J4: =IFERROR(__xludf.DUMMYFUNCTION("QUERY( 'Raw Data'!N:S, ""SELECT Col1,Col2,Col6 ORDER BY Col2 DESC LIMIT 20"", 0 )"),"Kartoffel") -> Kartoffel | K4: =IFERROR(__xludf.DUMMYFUNCTION("""COMPUTED_VALUE"""),30.0) -> 30 | L4: =IFERROR(__xludf.DUMMYFUNCTION("""COMPUTED_VALUE"""),3.0) -> 3 | M4: =IFERROR(__xludf.DUMMYFUNCTION("IMAGE(QUERY('Player Refs'!A:B,""SELECT B WHERE A = '""&J4&""'"",0))"),"") | O4: =IFERROR(__xludf.DUMMYFUNCTION("QUERY( Set_Stats!A:C, ""SELECT A,B,C WHERE A IS NOT NULL ORDER BY B DESC LIMIT 10"", 0 )"),"?") -> ? | P4: =IFERROR(__xludf.DUMMYFUNCTION("""COMPUTED_VALUE"""),87.0) -> 87 | Q4: =IFERROR(__xludf.DUMMYFUNCTION("""COMPUTED_VALUE"""),15.0) -> 15 | R4: =IFERROR(__xludf.DUMMYFUNCTION("IMAGE(QUERY('Set Refs'!A:B,""SELECT B WHERE A = '""&O4&""'"",0))"),"")
A5: =IFERROR(__xludf.DUMMYFUNCTION("""COMPUTED_VALUE"""),"EIS") -> EIS | B5: =IFERROR(__xludf.DUMMYFUNCTION("""COMPUTED_VALUE"""),"8 Door TD") -> 8 Door TD | C5: =IFERROR(__xludf.DUMMYFUNCTION("""COMPUTED_VALUE"""),12.0) -> 12 | D5: =IFERROR(__xludf.DUMMYFUNCTION("""COMPUTED_VALUE"""),0.4676896608793401) -> 0.46768966 | E5: =IFERROR(__xludf.DUMMYFUNCTION("""COMPUTED_VALUE"""),0.75) -> 0.75 | F5: =IFERROR(__xludf.DUMMYFUNCTION("IF(A5="""","""",IMAGE(QUERY('Deck Info'!A:F,""SELECT D WHERE A = '""&A5&""' AND B = '""&B5&""'"")))"),"") | G5: =IFERROR(__xludf.DUMMYFUNCTION("IF(A5="""","""",IMAGE(QUERY('Deck Info'!A:F,""SELECT E WHERE A = '""&A5&""' AND B = '""&B5&""'"")))"),"") | H5: =IFERROR(__xludf.DUMMYFUNCTION("IF(A5="""","""",IMAGE(QUERY('Deck Info'!A:F,""SELECT F WHERE A = '""&A5&""' AND B = '""&B5&""'"")))"),"") | J5: =IFERROR(__xludf.DUMMYFUNCTION("""COMPUTED_VALUE"""),"Kururu") -> Kururu | K5: =IFERROR(__xludf.DUMMYFUNCTION("""COMPUTED_VALUE"""),26.0) -> 26 | L5: =IFERROR(__xludf.DUMMYFUNCTION("""COMPUTED_VALUE"""),4.0) -> 4 | M5: =IFERROR(__xludf.DUMMYFUNCTION("IMAGE(QUERY('Player Refs'!A:B,""SELECT B WHERE A = '""&J5&""'"",0))"),"") | O5: =IFERROR(__xludf.DUMMYFUNCTION("""COMPUTED_VALUE"""),"EIS") -> EIS | P5: =IFERROR(__xludf.DUMMYFUNCTION("""COMPUTED_VALUE"""),81.0) -> 81 | Q5: =IFERROR(__xludf.DUMMYFUNCTION("""COMPUTED_VALUE"""),7.0) -> 7 | R5: =IFERROR(__xludf.DUMMYFUNCTION("IMAGE(QUERY('Set Refs'!A:B,""SELECT B WHERE A = '""&O5&""'"",0))"),"")
A6: =IFERROR(__xludf.DUMMYFUNCTION("""COMPUTED_VALUE"""),"OVL") -> OVL | B6: =IFERROR(__xludf.DUMMYFUNCTION("""COMPUTED_VALUE"""),"8 Door") -> 8 Door | C6: =IFERROR(__xludf.DUMMYFUNCTION("""COMPUTED_VALUE"""),12.0) -> 12 | D6: =IFERROR(__xludf.DUMMYFUNCTION("""COMPUTED_VALUE"""),0.4676896608793401) -> 0.46768966 | E6: =IFERROR(__xludf.DUMMYFUNCTION("""COMPUTED_VALUE"""),0.75) -> 0.75 | F6: =IFERROR(__xludf.DUMMYFUNCTION("IF(A6="""","""",IMAGE(QUERY('Deck Info'!A:F,""SELECT D WHERE A = '""&A6&""' AND B = '""&B6&""'"")))"),"") | G6: =IFERROR(__xludf.DUMMYFUNCTION("IF(A6="""","""",IMAGE(QUERY('Deck Info'!A:F,""SELECT E WHERE A = '""&A6&""' AND B = '""&B6&""'"")))"),"") | H6: =IFERROR(__xludf.DUMMYFUNCTION("IF(A6="""","""",IMAGE(QUERY('Deck Info'!A:F,""SELECT F WHERE A = '""&A6&""' AND B = '""&B6&""'"")))"),"") | J6: =IFERROR(__xludf.DUMMYFUNCTION("""COMPUTED_VALUE"""),"Pinya") -> Pinya | K6: =IFERROR(__xludf.DUMMYFUNCTION("""COMPUTED_VALUE"""),26.0) -> 26 | L6: =IFERROR(__xludf.DUMMYFUNCTION("""COMPUTED_VALUE"""),2.0) -> 2 | M6: =IFERROR(__xludf.DUMMYFUNCTION("IMAGE(QUERY('Player Refs'!A:B,""SELECT B WHERE A = '""&J6&""'"",0))"),"") | O6: =IFERROR(__xludf.DUMMYFUNCTION("""COMPUTED_VALUE"""),"NIK") -> NIK | P6: =IFERROR(__xludf.DUMMYFUNCTION("""COMPUTED_VALUE"""),46.0) -> 46 | Q6: =IFERROR(__xludf.DUMMYFUNCTION("""COMPUTED_VALUE"""),6.0) -> 6 | R6: =IFERROR(__xludf.DUMMYFUNCTION("IMAGE(QUERY('Set Refs'!A:B,""SELECT B WHERE A = '""&O6&""'"",0))"),"")
A7: =IFERROR(__xludf.DUMMYFUNCTION("""COMPUTED_VALUE"""),"EIS") -> EIS | B7: =IFERROR(__xludf.DUMMYFUNCTION("""COMPUTED_VALUE"""),"8 Standby") -> 8 Standby | C7: =IFERROR(__xludf.DUMMYFUNCTION("""COMPUTED_VALUE"""),34.0) -> 34 | D7: =IFERROR(__xludf.DUMMYFUNCTION("""COMPUTED_VALUE"""),0.3945361778918369) -> 0.39453618 | E7: =IFERROR(__xludf.DUMMYFUNCTION("""COMPUTED_VALUE"""),0.5588235294117647) -> 0.55882353 | F7: =IFERROR(__xludf.DUMMYFUNCTION("IF(A7="""","""",IMAGE(QUERY('Deck Info'!A:F,""SELECT D WHERE A = '""&A7&""' AND B = '""&B7&""'"")))"),"") | G7: =IFERROR(__xludf.DUMMYFUNCTION("IF(A7="""","""",IMAGE(QUERY('Deck Info'!A:F,""SELECT E WHERE A = '""&A7&""' AND B = '""&B7&""'"")))"),"") | H7: =IFERROR(__xludf.DUMMYFUNCTION("IF(A7="""","""",IMAGE(QUERY('Deck Info'!A:F,""SELECT F WHERE A = '""&A7&""' AND B = '""&B7&""'"")))"),"") | J7: =IFERROR(__xludf.DUMMYFUNCTION("""COMPUTED_VALUE"""),"Will") -> Will | K7: =IFERROR(__xludf.DUMMYFUNCTION("""COMPUTED_VALUE"""),26.0) -> 26 | L7: =IFERROR(__xludf.DUMMYFUNCTION("""COMPUTED_VALUE"""),4.0) -> 4 | M7: =IFERROR(__xludf.DUMMYFUNCTION("IMAGE(QUERY('Player Refs'!A:B,""SELECT B WHERE A = '""&J7&""'"",0))"),"") | O7: =IFERROR(__xludf.DUMMYFUNCTION("""COMPUTED_VALUE"""),"OSK") -> OSK | P7: =IFERROR(__xludf.DUMMYFUNCTION("""COMPUTED_VALUE"""),31.0) -> 31 | Q7: =IFERROR(__xludf.DUMMYFUNCTION("""COMPUTED_VALUE"""),4.0) -> 4 | R7: =IFERROR(__xludf.DUMMYFUNCTION("IMAGE(QUERY('Set Refs'!A:B,""SELECT B WHERE A = '""&O7&""'"",0))"),"")
A8: =IFERROR(__xludf.DUMMYFUNCTION("""COMPUTED_VALUE"""),"CSM") -> CSM | B8: =IFERROR(__xludf.DUMMYFUNCTION("""COMPUTED_VALUE"""),"StockSoul Bar") -> StockSoul Bar | C8: =IFERROR(__xludf.DUMMYFUNCTION("""COMPUTED_VALUE"""),12.0) -> 12 | D8: =IFERROR(__xludf.DUMMYFUNCTION("""COMPUTED_VALUE"""),0.3906175873976139) -> 0.39061759 | E8: =IFERROR(__xludf.DUMMYFUNCTION("""COMPUTED_VALUE"""),0.6666666666666666) -> 0.66666667 | F8: =IFERROR(__xludf.DUMMYFUNCTION("IF(A8="""","""",IMAGE(QUERY('Deck Info'!A:F,""SELECT D WHERE A = '""&A8&""' AND B = '""&B8&""'"")))"),"") | G8: =IFERROR(__xludf.DUMMYFUNCTION("IF(A8="""","""",IMAGE(QUERY('Deck Info'!A:F,""SELECT E WHERE A = '""&A8&""' AND B = '""&B8&""'"")))"),"") | H8: =IFERROR(__xludf.DUMMYFUNCTION("IF(A8="""","""",IMAGE(QUERY('Deck Info'!A:F,""SELECT F WHERE A = '""&A8&""' AND B = '""&B8&""'"")))"),"") | J8: =IFERROR(__xludf.DUMMYFUNCTION("""COMPUTED_VALUE"""),"JustFluffy") -> JustFluffy | K8: =IFERROR(__xludf.DUMMYFUNCTION("""COMPUTED_VALUE"""),25.0) -> 25 | L8: =IFERROR(__xludf.DUMMYFUNCTION("""COMPUTED_VALUE"""),2.0) -> 2 | M8: =IFERROR(__xludf.DUMMYFUNCTION("IMAGE(QUERY('Player Refs'!A:B,""SELECT B WHERE A = '""&J8&""'"",0))"),"") | O8: =IFERROR(__xludf.DUMMYFUNCTION("""COMPUTED_VALUE"""),"MKI") -> MKI | P8: =IFERROR(__xludf.DUMMYFUNCTION("""COMPUTED_VALUE"""),22.0) -> 22 | Q8: =IFERROR(__xludf.DUMMYFUNCTION("""COMPUTED_VALUE"""),2.0) -> 2 | R8: =IFERROR(__xludf.DUMMYFUNCTION("IMAGE(QUERY('Set Refs'!A:B,""SELECT B WHERE A = '""&O8&""'"",0))"),"")
A9: =IFERROR(__xludf.DUMMYFUNCTION("""COMPUTED_VALUE"""),"NIK") -> NIK | B9: =IFERROR(__xludf.DUMMYFUNCTION("""COMPUTED_VALUE"""),"Door Standby") -> Door Standby | C9: =IFERROR(__xludf.DUMMYFUNCTION("""COMPUTED_VALUE"""),42.0) -> 42 | D9: =IFERROR(__xludf.DUMMYFUNCTION("""COMPUTED_VALUE"""),0.3552574591652803) -> 0.35525746 | E9: =IFERROR(__xludf.DUMMYFUNCTION("""COMPUTED_VALUE"""),0.5) -> 0.5 | F9: =IFERROR(__xludf.DUMMYFUNCTION("IF(A9="""","""",IMAGE(QUERY('Deck Info'!A:F,""SELECT D WHERE A = '""&A9&""' AND B = '""&B9&""'"")))"),"") | G9: =IFERROR(__xludf.DUMMYFUNCTION("IF(A9="""","""",IMAGE(QUERY('Deck Info'!A:F,""SELECT E WHERE A = '""&A9&""' AND B = '""&B9&""'"")))"),"") | H9: =IFERROR(__xludf.DUMMYFUNCTION("IF(A9="""","""",IMAGE(QUERY('Deck Info'!A:F,""SELECT F WHERE A = '""&A9&""' AND B = '""&B9&""'"")))"),"") | J9: =IFERROR(__xludf.DUMMYFUNCTION("""COMPUTED_VALUE"""),"Agus") -> Agus | K9: =IFERROR(__xludf.DUMMYFUNCTION("""COMPUTED_VALUE"""),22.0) -> 22 | L9: =IFERROR(__xludf.DUMMYFUNCTION("""COMPUTED_VALUE"""),2.0) -> 2 | M9: =IFERROR(__xludf.DUMMYFUNCTION("IMAGE(QUERY('Player Refs'!A:B,""SELECT B WHERE A = '""&J9&""'"",0))"),"") | O9: =IFERROR(__xludf.DUMMYFUNCTION("""COMPUTED_VALUE"""),"CSM") -> CSM | P9: =IFERROR(__xludf.DUMMYFUNCTION("""COMPUTED_VALUE"""),16.0) -> 16 | Q9: =IFERROR(__xludf.DUMMYFUNCTION("""COMPUTED_VALUE"""),2.0) -> 2 | R9: =IFERROR(__xludf.DUMMYFUNCTION("IMAGE(QUERY('Set Refs'!A:B,""SELECT B WHERE A = '""&O9&""'"",0))"),"")
A10: =IFERROR(__xludf.DUMMYFUNCTION("""COMPUTED_VALUE"""),"DAL") -> DAL | B10: =IFERROR(__xludf.DUMMYFUNCTION("""COMPUTED_VALUE"""),"8 Standby") -> 8 Standby | C10: =IFERROR(__xludf.DUMMYFUNCTION("""COMPUTED_VALUE"""),13.0) -> 13 | D10: =IFERROR(__xludf.DUMMYFUNCTION("""COMPUTED_VALUE"""),0.3552248097226855) -> 0.35522481 | E10: =IFERROR(__xludf.DUMMYFUNCTION("""COMPUTED_VALUE"""),0.6153846153846154) -> 0.61538462 | F10: =IFERROR(__xludf.DUMMYFUNCTION("IF(A10="""","""",IMAGE(QUERY('Deck Info'!A:F,""SELECT D WHERE A = '""&A10&""' AND B = '""&B10&""'"")))"),"") | G10: =IFERROR(__xludf.DUMMYFUNCTION("IF(A10="""","""",IMAGE(QUERY('Deck Info'!A:F,""SELECT E WHERE A = '""&A10&""' AND B = '""&B10&""'"")))"),"") | H10: =IFERROR(__xludf.DUMMYFUNCTION("IF(A10="""","""",IMAGE(QUERY('Deck Info'!A:F,""SELECT F WHERE A = '""&A10&""' AND B = '""&B10&""'"")))"),"") | J10: =IFERROR(__xludf.DUMMYFUNCTION("""COMPUTED_VALUE"""),"Mualco") -> Mualco | K10: =IFERROR(__xludf.DUMMYFUNCTION("""COMPUTED_VALUE"""),22.0) -> 22 | L10: =IFERROR(__xludf.DUMMYFUNCTION("""COMPUTED_VALUE"""),4.0) -> 4 | M10: =IFERROR(__xludf.DUMMYFUNCTION("IMAGE(QUERY('Player Refs'!A:B,""SELECT B WHERE A = '""&J10&""'"",0))"),"") | O10: =IFERROR(__xludf.DUMMYFUNCTION("""COMPUTED_VALUE"""),"AZL") -> AZL | P10: =IFERROR(__xludf.DUMMYFUNCTION("""COMPUTED_VALUE"""),14.0) -> 14 | Q10: =IFERROR(__xludf.DUMMYFUNCTION("""COMPUTED_VALUE"""),1.0) -> 1 | R10: =IFERROR(__xludf.DUMMYFUNCTION("IMAGE(QUERY('Set Refs'!A:B,""SELECT B WHERE A = '""&O10&""'"",0))"),"")
A11: =IFERROR(__xludf.DUMMYFUNCTION("""COMPUTED_VALUE"""),"DDD") -> DDD | B11: =IFERROR(__xludf.DUMMYFUNCTION("""COMPUTED_VALUE"""),"8 Choice") -> 8 Choice | C11: =IFERROR(__xludf.DUMMYFUNCTION("""COMPUTED_VALUE"""),10.0) -> 10 | D11: =IFERROR(__xludf.DUMMYFUNCTION("""COMPUTED_VALUE"""),0.3126695474501863) -> 0.31266955 | E11: =IFERROR(__xludf.DUMMYFUNCTION("""COMPUTED_VALUE"""),0.6) -> 0.6 | F11: =IFERROR(__xludf.DUMMYFUNCTION("IF(A11="""","""",IMAGE(QUERY('Deck Info'!A:F,""SELECT D WHERE A = '""&A11&""' AND B = '""&B11&""'"")))"),"") | G11: =IFERROR(__xludf.DUMMYFUNCTION("IF(A11="""","""",IMAGE(QUERY('Deck Info'!A:F,""SELECT E WHERE A = '""&A11&""' AND B = '""&B11&""'"")))"),"") | H11: =IFERROR(__xludf.DUMMYFUNCTION("IF(A11="""","""",IMAGE(QUERY('Deck Info'!A:F,""SELECT F WHERE A = '""&A11&""' AND B = '""&B11&""'"")))"),"") | J11: =IFERROR(__xludf.DUMMYFUNCTION("""COMPUTED_VALUE"""),"Nomar") -> Nomar | K11: =IFERROR(__xludf.DUMMYFUNCTION("""COMPUTED_VALUE"""),22.0) -> 22 | L11: =IFERROR(__xludf.DUMMYFUNCTION("""COMPUTED_VALUE"""),4.0) -> 4 | M11: =IFERROR(__xludf.DUMMYFUNCTION("IMAGE(QUERY('Player Refs'!A:B,""SELECT B WHERE A = '""&J11&""'"",0))"),"") | O11: =IFERROR(__xludf.DUMMYFUNCTION("""COMPUTED_VALUE"""),"DDD") -> DDD | P11: =IFERROR(__xludf.DUMMYFUNCTION("""COMPUTED_VALUE"""),14.0) -> 14 | Q11: =IFERROR(__xludf.DUMMYFUNCTION("""COMPUTED_VALUE"""),2.0) -> 2 | R11: =IFERROR(__xludf.DUMMYFUNCTION("IMAGE(QUERY('Set Refs'!A:B,""SELECT B WHERE A = '""&O11&""'"",0))"),"")
A12: =IFERROR(__xludf.DUMMYFUNCTION("""COMPUTED_VALUE"""),"MKI") -> MKI | B12: =IFERROR(__xludf.DUMMYFUNCTION("""COMPUTED_VALUE"""),"8 Door") -> 8 Door | C12: =IFERROR(__xludf.DUMMYFUNCTION("""COMPUTED_VALUE"""),18.0) -> 18 | D12: =IFERROR(__xludf.DUMMYFUNCTION("""COMPUTED_VALUE"""),0.24559231101389123) -> 0.24559231 | E12: =IFERROR(__xludf.DUMMYFUNCTION("""COMPUTED_VALUE"""),0.4444444444444444) -> 0.44444444 | F12: =IFERROR(__xludf.DUMMYFUNCTION("IF(A12="""","""",IMAGE(QUERY('Deck Info'!A:F,""SELECT D WHERE A = '""&A12&""' AND B = '""&B12&""'"")))"),"") | G12: =IFERROR(__xludf.DUMMYFUNCTION("IF(A12="""","""",IMAGE(QUERY('Deck Info'!A:F,""SELECT E WHERE A = '""&A12&""' AND B = '""&B12&""'"")))"),"") | H12: =IFERROR(__xludf.DUMMYFUNCTION("IF(A12="""","""",IMAGE(QUERY('Deck Info'!A:F,""SELECT F WHERE A = '""&A12&""' AND B = '""&B12&""'"")))"),"") | J12: =IFERROR(__xludf.DUMMYFUNCTION("""COMPUTED_VALUE"""),"Rehmius") -> Rehmius | K12: =IFERROR(__xludf.DUMMYFUNCTION("""COMPUTED_VALUE"""),22.0) -> 22 | L12: =IFERROR(__xludf.DUMMYFUNCTION("""COMPUTED_VALUE"""),3.0) -> 3 | M12: =IFERROR(__xludf.DUMMYFUNCTION("IMAGE(QUERY('Player Refs'!A:B,""SELECT B WHERE A = '""&J12&""'"",0))"),"") | O12: =IFERROR(__xludf.DUMMYFUNCTION("""COMPUTED_VALUE"""),"Fxx") -> Fxx | P12: =IFERROR(__xludf.DUMMYFUNCTION("""COMPUTED_VALUE"""),14.0) -> 14 | Q12: =IFERROR(__xludf.DUMMYFUNCTION("""COMPUTED_VALUE"""),3.0) -> 3 | R12: =IFERROR(__xludf.DUMMYFUNCTION("IMAGE(QUERY('Set Refs'!A:B,""SELECT B WHERE A = '""&O12&""'"",0))"),"")
A13: =IFERROR(__xludf.DUMMYFUNCTION("""COMPUTED_VALUE"""),"GCR") -> GCR | B13: =IFERROR(__xludf.DUMMYFUNCTION("""COMPUTED_VALUE"""),"8 Door") -> 8 Door | C13: =IFERROR(__xludf.DUMMYFUNCTION("""COMPUTED_VALUE"""),13.0) -> 13 | D13: =IFERROR(__xludf.DUMMYFUNCTION("""COMPUTED_VALUE"""),0.23205754301488138) -> 0.23205754 | E13: =IFERROR(__xludf.DUMMYFUNCTION("""COMPUTED_VALUE"""),0.46153846153846156) -> 0.46153846 | F13: =IFERROR(__xludf.DUMMYFUNCTION("IF(A13="""","""",IMAGE(QUERY('Deck Info'!A:F,""SELECT D WHERE A = '""&A13&""' AND B = '""&B13&""'"")))"),"") | G13: =IFERROR(__xludf.DUMMYFUNCTION("IF(A13="""","""",IMAGE(QUERY('Deck Info'!A:F,""SELECT E WHERE A = '""&A13&""' AND B = '""&B13&""'"")))"),"") | H13: =IFERROR(__xludf.DUMMYFUNCTION("IF(A13="""","""",IMAGE(QUERY('Deck Info'!A:F,""SELECT F WHERE A = '""&A13&""' AND B = '""&B13&""'"")))"),"") | J13: =IFERROR(__xludf.DUMMYFUNCTION("""COMPUTED_VALUE"""),"Seyer") -> Seyer | K13: =IFERROR(__xludf.DUMMYFUNCTION("""COMPUTED_VALUE"""),21.0) -> 21 | L13: =IFERROR(__xludf.DUMMYFUNCTION("""COMPUTED_VALUE"""),4.0) -> 4 | M13: =IFERROR(__xludf.DUMMYFUNCTION("IMAGE(QUERY('Player Refs'!A:B,""SELECT B WHERE A = '""&J13&""'"",0))"),"") | O13: =IFERROR(__xludf.DUMMYFUNCTION("""COMPUTED_VALUE"""),"DAL") -> DAL | P13: =IFERROR(__xludf.DUMMYFUNCTION("""COMPUTED_VALUE"""),13.0) -> 13 | Q13: =IFERROR(__xludf.DUMMYFUNCTION("""COMPUTED_VALUE"""),1.0) -> 1 | R13: =IFERROR(__xludf.DUMMYFUNCTION("IMAGE(QUERY('Set Refs'!A:B,""SELECT B WHERE A = '""&O13&""'"",0))"),"")
F14: =IFERROR(__xludf.DUMMYFUNCTION("IF(A14="""","""",IMAGE(QUERY('Deck Info'!A:F,""SELECT D WHERE A = '""&A14&""' AND B = '""&B14&""'"")))"),"") | G14: =IFERROR(__xludf.DUMMYFUNCTION("IF(A14="""","""",IMAGE(QUERY('Deck Info'!A:F,""SELECT E WHERE A = '""&A14&""' AND B = '""&B14&""'"")))"),"") | H14: =IFERROR(__xludf.DUMMYFUNCTION("IF(A14="""","""",IMAGE(QUERY('Deck Info'!A:F,""SELECT F WHERE A = '""&A14&""' AND B = '""&B14&""'"")))"),"") | J14: =IFERROR(__xludf.DUMMYFUNCTION("""COMPUTED_VALUE"""),"Angladita") -> Angladita | K14: =IFERROR(__xludf.DUMMYFUNCTION("""COMPUTED_VALUE"""),18.0) -> 18 | L14: =IFERROR(__xludf.DUMMYFUNCTION("""COMPUTED_VALUE"""),3.0) -> 3 | M14: =IFERROR(__xludf.DUMMYFUNCTION("IMAGE(QUERY('Player Refs'!A:B,""SELECT B WHERE A = '""&J14&""'"",0))"),"") | R14: =IFERROR(__xludf.DUMMYFUNCTION("IMAGE(QUERY('Set Refs'!A:B,""SELECT B WHERE A = '""&O14&""'"",0))"),"")
F15: =IFERROR(__xludf.DUMMYFUNCTION("IF(A15="""","""",IMAGE(QUERY('Deck Info'!A:F,""SELECT D WHERE A = '""&A15&""' AND B = '""&B15&""'"")))"),"") | G15: =IFERROR(__xludf.DUMMYFUNCTION("IF(A15="""","""",IMAGE(QUERY('Deck Info'!A:F,""SELECT E WHERE A = '""&A15&""' AND B = '""&B15&""'"")))"),"") | H15: =IFERROR(__xludf.DUMMYFUNCTION("IF(A15="""","""",IMAGE(QUERY('Deck Info'!A:F,""SELECT F WHERE A = '""&A15&""' AND B = '""&B15&""'"")))"),"") | J15: =IFERROR(__xludf.DUMMYFUNCTION("""COMPUTED_VALUE"""),"YoniTheRobot") -> YoniTheRobot | K15: =IFERROR(__xludf.DUMMYFUNCTION("""COMPUTED_VALUE"""),18.0) -> 18 | L15: =IFERROR(__xludf.DUMMYFUNCTION("""COMPUTED_VALUE"""),3.0) -> 3 | M15: =IFERROR(__xludf.DUMMYFUNCTION("IMAGE(QUERY('Player Refs'!A:B,""SELECT B WHERE A = '""&J15&""'"",0))"),"") | R15: =IFERROR(__xludf.DUMMYFUNCTION("IMAGE(QUERY('Set Refs'!A:B,""SELECT B WHERE A = '""&O15&""'"",0))"),"")
F16: =IFERROR(__xludf.DUMMYFUNCTION("IF(A16="""","""",IMAGE(QUERY('Deck Info'!A:F,""SELECT D WHERE A = '""&A16&""' AND B = '""&B16&""'"")))"),"") | G16: =IFERROR(__xludf.DUMMYFUNCTION("IF(A16="""","""",IMAGE(QUERY('Deck Info'!A:F,""SELECT E WHERE A = '""&A16&""' AND B = '""&B16&""'"")))"),"") | H16: =IFERROR(__xludf.DUMMYFUNCTION("IF(A16="""","""",IMAGE(QUERY('Deck Info'!A:F,""SELECT F WHERE A = '""&A16&""' AND B = '""&B16&""'"")))"),"") | J16: =IFERROR(__xludf.DUMMYFUNCTION("""COMPUTED_VALUE"""),"AC5") -> AC5 | K16: =IFERROR(__xludf.DUMMYFUNCTION("""COMPUTED_VALUE"""),16.0) -> 16 | L16: =IFERROR(__xludf.DUMMYFUNCTION("""COMPUTED_VALUE"""),1.0) -> 1 | M16: =IFERROR(__xludf.DUMMYFUNCTION("IMAGE(QUERY('Player Refs'!A:B,""SELECT B WHERE A = '""&J16&""'"",0))"),"") | R16: =IFERROR(__xludf.DUMMYFUNCTION("IMAGE(QUERY('Set Refs'!A:B,""SELECT B WHERE A = '""&O16&""'"",0))"),"")
F17: =IFERROR(__xludf.DUMMYFUNCTION("IF(A17="""","""",IMAGE(QUERY('Deck Info'!A:F,""SELECT D WHERE A = '""&A17&""' AND B = '""&B17&""'"")))"),"") | G17: =IFERROR(__xludf.DUMMYFUNCTION("IF(A17="""","""",IMAGE(QUERY('Deck Info'!A:F,""SELECT E WHERE A = '""&A17&""' AND B = '""&B17&""'"")))"),"") | H17: =IFERROR(__xludf.DUMMYFUNCTION("IF(A17="""","""",IMAGE(QUERY('Deck Info'!A:F,""SELECT F WHERE A = '""&A17&""' AND B = '""&B17&""'"")))"),"") | J17: =IFERROR(__xludf.DUMMYFUNCTION("""COMPUTED_VALUE"""),"Calvo Tieso") -> Calvo Tieso | K17: =IFERROR(__xludf.DUMMYFUNCTION("""COMPUTED_VALUE"""),14.0) -> 14 | L17: =IFERROR(__xludf.DUMMYFUNCTION("""COMPUTED_VALUE"""),1.0) -> 1 | M17: =IFERROR(__xludf.DUMMYFUNCTION("IMAGE(QUERY('Player Refs'!A:B,""SELECT B WHERE A = '""&J17&""'"",0))"),"") | R17: =IFERROR(__xludf.DUMMYFUNCTION("IMAGE(QUERY('Set Refs'!A:B,""SELECT B WHERE A = '""&O17&""'"",0))"),"")
F18: =IFERROR(__xludf.DUMMYFUNCTION("IF(A18="""","""",IMAGE(QUERY('Deck Info'!A:F,""SELECT D WHERE A = '""&A18&""' AND B = '""&B18&""'"")))"),"") | G18: =IFERROR(__xludf.DUMMYFUNCTION("IF(A18="""","""",IMAGE(QUERY('Deck Info'!A:F,""SELECT E WHERE A = '""&A18&""' AND B = '""&B18&""'"")))"),"") | H18: =IFERROR(__xludf.DUMMYFUNCTION("IF(A18="""","""",IMAGE(QUERY('Deck Info'!A:F,""SELECT F WHERE A = '""&A18&""' AND B = '""&B18&""'"")))"),"") | J18: =IFERROR(__xludf.DUMMYFUNCTION("""COMPUTED_VALUE"""),"Zeno") -> Zeno | K18: =IFERROR(__xludf.DUMMYFUNCTION("""COMPUTED_VALUE"""),14.0) -> 14 | L18: =IFERROR(__xludf.DUMMYFUNCTION("""COMPUTED_VALUE"""),2.0) -> 2 | M18: =IFERROR(__xludf.DUMMYFUNCTION("IMAGE(QUERY('Player Refs'!A:B,""SELECT B WHERE A = '""&J18&""'"",0))"),"") | R18: =IFERROR(__xludf.DUMMYFUNCTION("IMAGE(QUERY('Set Refs'!A:B,""SELECT B WHERE A = '""&O18&""'"",0))"),"")
F19: =IFERROR(__xludf.DUMMYFUNCTION("IF(A19="""","""",IMAGE(QUERY('Deck Info'!A:F,""SELECT D WHERE A = '""&A19&""' AND B = '""&B19&""'"")))"),"") | G19: =IFERROR(__xludf.DUMMYFUNCTION("IF(A19="""","""",IMAGE(QUERY('Deck Info'!A:F,""SELECT E WHERE A = '""&A19&""' AND B = '""&B19&""'"")))"),"") | H19: =IFERROR(__xludf.DUMMYFUNCTION("IF(A19="""","""",IMAGE(QUERY('Deck Info'!A:F,""SELECT F WHERE A = '""&A19&""' AND B = '""&B19&""'"")))"),"") | J19: =IFERROR(__xludf.DUMMYFUNCTION("""COMPUTED_VALUE"""),"Ruto") -> Ruto | K19: =IFERROR(__xludf.DUMMYFUNCTION("""COMPUTED_VALUE"""),13.0) -> 13 | L19: =IFERROR(__xludf.DUMMYFUNCTION("""COMPUTED_VALUE"""),3.0) -> 3 | M19: =IFERROR(__xludf.DUMMYFUNCTION("IMAGE(QUERY('Player Refs'!A:B,""SELECT B WHERE A = '""&J19&""'"",0))"),"") | R19: =IFERROR(__xludf.DUMMYFUNCTION("IMAGE(QUERY('Set Refs'!A:B,""SELECT B WHERE A = '""&O19&""'"",0))"),"")
F20: =IFERROR(__xludf.DUMMYFUNCTION("IF(A20="""","""",IMAGE(QUERY('Deck Info'!A:F,""SELECT D WHERE A = '""&A20&""' AND B = '""&B20&""'"")))"),"") | G20: =IFERROR(__xludf.DUMMYFUNCTION("IF(A20="""","""",IMAGE(QUERY('Deck Info'!A:F,""SELECT E WHERE A = '""&A20&""' AND B = '""&B20&""'"")))"),"") | H20: =IFERROR(__xludf.DUMMYFUNCTION("IF(A20="""","""",IMAGE(QUERY('Deck Info'!A:F,""SELECT F WHERE A = '""&A20&""' AND B = '""&B20&""'"")))"),"") | J20: =IFERROR(__xludf.DUMMYFUNCTION("""COMPUTED_VALUE"""),"STARK") -> STARK | K20: =IFERROR(__xludf.DUMMYFUNCTION("""COMPUTED_VALUE"""),13.0) -> 13 | L20: =IFERROR(__xludf.DUMMYFUNCTION("""COMPUTED_VALUE"""),3.0) -> 3 | M20: =IFERROR(__xludf.DUMMYFUNCTION("IMAGE(QUERY('Player Refs'!A:B,""SELECT B WHERE A = '""&J20&""'"",0))"),"") | R20: =IFERROR(__xludf.DUMMYFUNCTION("IMAGE(QUERY('Set Refs'!A:B,""SELECT B WHERE A = '""&O20&""'"",0))"),"")
J21: =IFERROR(__xludf.DUMMYFUNCTION("""COMPUTED_VALUE"""),"Sp3ctrum") -> Sp3ctrum | K21: =IFERROR(__xludf.DUMMYFUNCTION("""COMPUTED_VALUE"""),13.0) -> 13 | L21: =IFERROR(__xludf.DUMMYFUNCTION("""COMPUTED_VALUE"""),2.0) -> 2 | M21: =IFERROR(__xludf.DUMMYFUNCTION("IMAGE(QUERY('Player Refs'!A:B,""SELECT B WHERE A = '""&J21&""'"",0))"),"") | R21: =IFERROR(__xludf.DUMMYFUNCTION("IMAGE(QUERY('Set Refs'!A:B,""SELECT B WHERE A = '""&O21&""'"",0))"),"")
J22: =IFERROR(__xludf.DUMMYFUNCTION("""COMPUTED_VALUE"""),"SoulQualia") -> SoulQualia | K22: =IFERROR(__xludf.DUMMYFUNCTION("""COMPUTED_VALUE"""),12.0) -> 12 | L22: =IFERROR(__xludf.DUMMYFUNCTION("""COMPUTED_VALUE"""),1.0) -> 1 | M22: =IFERROR(__xludf.DUMMYFUNCTION("IMAGE(QUERY('Player Refs'!A:B,""SELECT B WHERE A = '""&J22&""'"",0))"),"") | R22: =IFERROR(__xludf.DUMMYFUNCTION("IMAGE(QUERY('Set Refs'!A:B,""SELECT B WHERE A = '""&O22&""'"",0))"),"")
J23: =IFERROR(__xludf.DUMMYFUNCTION("""COMPUTED_VALUE"""),"Charlie") -> Charlie | K23: =IFERROR(__xludf.DUMMYFUNCTION("""COMPUTED_VALUE"""),10.0) -> 10 | L23: =IFERROR(__xludf.DUMMYFUNCTION("""COMPUTED_VALUE"""),1.0) -> 1 | M23: =IFERROR(__xludf.DUMMYFUNCTION("IMAGE(QUERY('Player Refs'!A:B,""SELECT B WHERE A = '""&J23&""'"",0))"),"") | R23: =IFERROR(__xludf.DUMMYFUNCTION("IMAGE(QUERY('Set Refs'!A:B,""SELECT B WHERE A = '""&O23&""'"",0))"),"")
R24: =IFERROR(__xludf.DUMMYFUNCTION("IMAGE(QUERY('Set Refs'!A:B,""SELECT B WHERE A = '""&O24&""'"",0))"),"")
R25: =IFERROR(__xludf.DUMMYFUNCTION("IMAGE(QUERY('Set Refs'!A:B,""SELECT B WHERE A = '""&O25&""'"",0))"),"")
R26: =IFERROR(__xludf.DUMMYFUNCTION("IMAGE(QUERY('Set Refs'!A:B,""SELECT B WHERE A = '""&O26&""'"",0))"),"")
R27: =IFERROR(__xludf.DUMMYFUNCTION("IMAGE(QUERY('Set Refs'!A:B,""SELECT B WHERE A = '""&O27&""'"",0))"),"")

Sheet Ranking mensual
A1: Deck con mayor Win% del mes | K1: Mayor asistencia mensual | P1: Representacion de sets
A3: Set | B3: Deck | C3: Partidas Jugadas | D3: Win % | E3: Carta 1 | F3: Carta 2 | G3: Carta 3 | H3: Description | K3: Jugador | L3: Partidas jugadas | N3: Signature | P3: Set | Q3: Partidas | R3: Jugadores | S3: Imagen
A4: =IFERROR(__xludf.DUMMYFUNCTION("QUERY( Set_Stats!R4:W1000, ""SELECT Col1,Col2,Col6,Col5 WHERE Col6 >= 5 AND Col1 <> '?' AND Col2 <> '?' ORDER BY Col5 DESC"", 0 )"),"#N/A") -> #N/A | E4: =IFERROR(__xludf.DUMMYFUNCTION("IF(A4="""","""",IMAGE(QUERY('Deck Info'!A:F,""SELECT D WHERE A = '""&A4&""' AND B = '""&B4&""'"")))"),"#N/A") -> #N/A | F4: =IFERROR(__xludf.DUMMYFUNCTION("IF(A4="""","""",IMAGE(QUERY('Deck Info'!A:F,""SELECT E WHERE A = '""&A4&""' AND B = '""&B4&""'"")))"),"#N/A") -> #N/A | G4: =IFERROR(__xludf.DUMMYFUNCTION("IF(A4="""","""",IMAGE(QUERY('Deck Info'!A:F,""SELECT F WHERE A = '""&A4&""' AND B = '""&B4&""'"")))"),"#N/A") -> #N/A | K4: =IFERROR(__xludf.DUMMYFUNCTION("QUERY( 'Raw Data'!AB:AC, ""SELECT Col1,Col2 ORDER BY Col2 DESC LIMIT 20"", 0 )"),"Jugador") -> Jugador | L4: =IFERROR(__xludf.DUMMYFUNCTION("""COMPUTED_VALUE"""),"Partidas Jugadas") -> Partidas Jugadas | N4: =IFERROR(__xludf.DUMMYFUNCTION("IMAGE(QUERY('Player Refs'!A:B,""SELECT B WHERE A = '""&K4&""'"",0))"),"#N/A") -> #N/A | P4: =IFERROR(__xludf.DUMMYFUNCTION("QUERY( Set_Stats!N4:P1000, ""SELECT N,O,P WHERE N IS NOT NULL ORDER BY O DESC LIMIT 10"", 0 )"),"#N/A") -> #N/A | R4: =IFERROR(__xludf.DUMMYFUNCTION("""COMPUTED_VALUE"""),1.0) -> 1 | S4: =IFERROR(__xludf.DUMMYFUNCTION("IMAGE(QUERY('Set Refs'!A:B,""SELECT B WHERE A = '""&P4&""'"",0))"),"#N/A") -> #N/A
E5: =IFERROR(__xludf.DUMMYFUNCTION("IF(A5="""","""",IMAGE(QUERY('Deck Info'!A:F,""SELECT D WHERE A = '""&A5&""' AND B = '""&B5&""'"")))"),"") | F5: =IFERROR(__xludf.DUMMYFUNCTION("IF(A5="""","""",IMAGE(QUERY('Deck Info'!A:F,""SELECT E WHERE A = '""&A5&""' AND B = '""&B5&""'"")))"),"") | G5: =IFERROR(__xludf.DUMMYFUNCTION("IF(A5="""","""",IMAGE(QUERY('Deck Info'!A:F,""SELECT F WHERE A = '""&A5&""' AND B = '""&B5&""'"")))"),"") | N5: =IFERROR(__xludf.DUMMYFUNCTION("IMAGE(QUERY('Player Refs'!A:B,""SELECT B WHERE A = '""&K5&""'"",0))"),"") | S5: =IFERROR(__xludf.DUMMYFUNCTION("IMAGE(QUERY('Set Refs'!A:B,""SELECT B WHERE A = '""&P5&""'"",0))"),"")
E6: =IFERROR(__xludf.DUMMYFUNCTION("IF(A6="""","""",IMAGE(QUERY('Deck Info'!A:F,""SELECT D WHERE A = '""&A6&""' AND B = '""&B6&""'"")))"),"") | F6: =IFERROR(__xludf.DUMMYFUNCTION("IF(A6="""","""",IMAGE(QUERY('Deck Info'!A:F,""SELECT E WHERE A = '""&A6&""' AND B = '""&B6&""'"")))"),"") | G6: =IFERROR(__xludf.DUMMYFUNCTION("IF(A6="""","""",IMAGE(QUERY('Deck Info'!A:F,""SELECT F WHERE A = '""&A6&""' AND B = '""&B6&""'"")))"),"") | N6: =IFERROR(__xludf.DUMMYFUNCTION("IMAGE(QUERY('Player Refs'!A:B,""SELECT B WHERE A = '""&K6&""'"",0))"),"") | S6: =IFERROR(__xludf.DUMMYFUNCTION("IMAGE(QUERY('Set Refs'!A:B,""SELECT B WHERE A = '""&P6&""'"",0))"),"")
E7: =IFERROR(__xludf.DUMMYFUNCTION("IF(A7="""","""",IMAGE(QUERY('Deck Info'!A:F,""SELECT D WHERE A = '""&A7&""' AND B = '""&B7&""'"")))"),"") | F7: =IFERROR(__xludf.DUMMYFUNCTION("IF(A7="""","""",IMAGE(QUERY('Deck Info'!A:F,""SELECT E WHERE A = '""&A7&""' AND B = '""&B7&""'"")))"),"") | G7: =IFERROR(__xludf.DUMMYFUNCTION("IF(A7="""","""",IMAGE(QUERY('Deck Info'!A:F,""SELECT F WHERE A = '""&A7&""' AND B = '""&B7&""'"")))"),"") | N7: =IFERROR(__xludf.DUMMYFUNCTION("IMAGE(QUERY('Player Refs'!A:B,""SELECT B WHERE A = '""&K7&""'"",0))"),"") | S7: =IFERROR(__xludf.DUMMYFUNCTION("IMAGE(QUERY('Set Refs'!A:B,""SELECT B WHERE A = '""&P7&""'"",0))"),"")
E8: =IFERROR(__xludf.DUMMYFUNCTION("IF(A8="""","""",IMAGE(QUERY('Deck Info'!A:F,""SELECT D WHERE A = '""&A8&""' AND B = '""&B8&""'"")))"),"") | F8: =IFERROR(__xludf.DUMMYFUNCTION("IF(A8="""","""",IMAGE(QUERY('Deck Info'!A:F,""SELECT E WHERE A = '""&A8&""' AND B = '""&B8&""'"")))"),"") | G8: =IFERROR(__xludf.DUMMYFUNCTION("IF(A8="""","""",IMAGE(QUERY('Deck Info'!A:F,""SELECT F WHERE A = '""&A8&""' AND B = '""&B8&""'"")))"),"") | N8: =IFERROR(__xludf.DUMMYFUNCTION("IMAGE(QUERY('Player Refs'!A:B,""SELECT B WHERE A = '""&K8&""'"",0))"),"") | S8: =IFERROR(__xludf.DUMMYFUNCTION("IMAGE(QUERY('Set Refs'!A:B,""SELECT B WHERE A = '""&P8&""'"",0))"),"")
E9: =IFERROR(__xludf.DUMMYFUNCTION("IF(A9="""","""",IMAGE(QUERY('Deck Info'!A:F,""SELECT D WHERE A = '""&A9&""' AND B = '""&B9&""'"")))"),"") | F9: =IFERROR(__xludf.DUMMYFUNCTION("IF(A9="""","""",IMAGE(QUERY('Deck Info'!A:F,""SELECT E WHERE A = '""&A9&""' AND B = '""&B9&""'"")))"),"") | G9: =IFERROR(__xludf.DUMMYFUNCTION("IF(A9="""","""",IMAGE(QUERY('Deck Info'!A:F,""SELECT F WHERE A = '""&A9&""' AND B = '""&B9&""'"")))"),"") | N9: =IFERROR(__xludf.DUMMYFUNCTION("IMAGE(QUERY('Player Refs'!A:B,""SELECT B WHERE A = '""&K9&""'"",0))"),"") | S9: =IFERROR(__xludf.DUMMYFUNCTION("IMAGE(QUERY('Set Refs'!A:B,""SELECT B WHERE A = '""&P9&""'"",0))"),"")
E10: =IFERROR(__xludf.DUMMYFUNCTION("IF(A10="""","""",IMAGE(QUERY('Deck Info'!A:F,""SELECT D WHERE A = '""&A10&""' AND B = '""&B10&""'"")))"),"") | F10: =IFERROR(__xludf.DUMMYFUNCTION("IF(A10="""","""",IMAGE(QUERY('Deck Info'!A:F,""SELECT E WHERE A = '""&A10&""' AND B = '""&B10&""'"")))"),"") | G10: =IFERROR(__xludf.DUMMYFUNCTION("IF(A10="""","""",IMAGE(QUERY('Deck Info'!A:F,""SELECT F WHERE A = '""&A10&""' AND B = '""&B10&""'"")))"),"") | N10: =IFERROR(__xludf.DUMMYFUNCTION("IMAGE(QUERY('Player Refs'!A:B,""SELECT B WHERE A = '""&K10&""'"",0))"),"") | S10: =IFERROR(__xludf.DUMMYFUNCTION("IMAGE(QUERY('Set Refs'!A:B,""SELECT B WHERE A = '""&P10&""'"",0))"),"")
E11: =IFERROR(__xludf.DUMMYFUNCTION("IF(A11="""","""",IMAGE(QUERY('Deck Info'!A:F,""SELECT D WHERE A = '""&A11&""' AND B = '""&B11&""'"")))"),"") | F11: =IFERROR(__xludf.DUMMYFUNCTION("IF(A11="""","""",IMAGE(QUERY('Deck Info'!A:F,""SELECT E WHERE A = '""&A11&""' AND B = '""&B11&""'"")))"),"") | G11: =IFERROR(__xludf.DUMMYFUNCTION("IF(A11="""","""",IMAGE(QUERY('Deck Info'!A:F,""SELECT F WHERE A = '""&A11&""' AND B = '""&B11&""'"")))"),"") | N11: =IFERROR(__xludf.DUMMYFUNCTION("IMAGE(QUERY('Player Refs'!A:B,""SELECT B WHERE A = '""&K11&""'"",0))"),"") | S11: =IFERROR(__xludf.DUMMYFUNCTION("IMAGE(QUERY('Set Refs'!A:B,""SELECT B WHERE A = '""&P11&""'"",0))"),"")
E12: =IFERROR(__xludf.DUMMYFUNCTION("IF(A12="""","""",IMAGE(QUERY('Deck Info'!A:F,""SELECT D WHERE A = '""&A12&""' AND B = '""&B12&""'"")))"),"") | F12: =IFERROR(__xludf.DUMMYFUNCTION("IF(A12="""","""",IMAGE(QUERY('Deck Info'!A:F,""SELECT E WHERE A = '""&A12&""' AND B = '""&B12&""'"")))"),"") | G12: =IFERROR(__xludf.DUMMYFUNCTION("IF(A12="""","""",IMAGE(QUERY('Deck Info'!A:F,""SELECT F WHERE A = '""&A12&""' AND B = '""&B12&""'"")))"),"") | N12: =IFERROR(__xludf.DUMMYFUNCTION("IMAGE(QUERY('Player Refs'!A:B,""SELECT B WHERE A = '""&K12&""'"",0))"),"") | S12: =IFERROR(__xludf.DUMMYFUNCTION("IMAGE(QUERY('Set Refs'!A:B,""SELECT B WHERE A = '""&P12&""'"",0))"),"")
E13: =IFERROR(__xludf.DUMMYFUNCTION("IF(A13="""","""",IMAGE(QUERY('Deck Info'!A:F,""SELECT D WHERE A = '""&A13&""' AND B = '""&B13&""'"")))"),"") | F13: =IFERROR(__xludf.DUMMYFUNCTION("IF(A13="""","""",IMAGE(QUERY('Deck Info'!A:F,""SELECT E WHERE A = '""&A13&""' AND B = '""&B13&""'"")))"),"") | G13: =IFERROR(__xludf.DUMMYFUNCTION("IF(A13="""","""",IMAGE(QUERY('Deck Info'!A:F,""SELECT F WHERE A = '""&A13&""' AND B = '""&B13&""'"")))"),"") | N13: =IFERROR(__xludf.DUMMYFUNCTION("IMAGE(QUERY('Player Refs'!A:B,""SELECT B WHERE A = '""&K13&""'"",0))"),"") | S13: =IFERROR(__xludf.DUMMYFUNCTION("IMAGE(QUERY('Set Refs'!A:B,""SELECT B WHERE A = '""&P13&""'"",0))"),"")
E14: =IFERROR(__xludf.DUMMYFUNCTION("IF(A14="""","""",IMAGE(QUERY('Deck Info'!A:F,""SELECT D WHERE A = '""&A14&""' AND B = '""&B14&""'"")))"),"") | F14: =IFERROR(__xludf.DUMMYFUNCTION("IF(A14="""","""",IMAGE(QUERY('Deck Info'!A:F,""SELECT E WHERE A = '""&A14&""' AND B = '""&B14&""'"")))"),"") | G14: =IFERROR(__xludf.DUMMYFUNCTION("IF(A14="""","""",IMAGE(QUERY('Deck Info'!A:F,""SELECT F WHERE A = '""&A14&""' AND B = '""&B14&""'"")))"),"") | N14: =IFERROR(__xludf.DUMMYFUNCTION("IMAGE(QUERY('Player Refs'!A:B,""SELECT B WHERE A = '""&K14&""'"",0))"),"") | S14: =IFERROR(__xludf.DUMMYFUNCTION("IMAGE(QUERY('Set Refs'!A:B,""SELECT B WHERE A = '""&P14&""'"",0))"),"")
E15: =IFERROR(__xludf.DUMMYFUNCTION("IF(A15="""","""",IMAGE(QUERY('Deck Info'!A:F,""SELECT D WHERE A = '""&A15&""' AND B = '""&B15&""'"")))"),"") | F15: =IFERROR(__xludf.DUMMYFUNCTION("IF(A15="""","""",IMAGE(QUERY('Deck Info'!A:F,""SELECT E WHERE A = '""&A15&""' AND B = '""&B15&""'"")))"),"") | G15: =IFERROR(__xludf.DUMMYFUNCTION("IF(A15="""","""",IMAGE(QUERY('Deck Info'!A:F,""SELECT F WHERE A = '""&A15&""' AND B = '""&B15&""'"")))"),"") | N15: =IFERROR(__xludf.DUMMYFUNCTION("IMAGE(QUERY('Player Refs'!A:B,""SELECT B WHERE A = '""&K15&""'"",0))"),"") | S15: =IFERROR(__xludf.DUMMYFUNCTION("IMAGE(QUERY('Set Refs'!A:B,""SELECT B WHERE A = '""&P15&""'"",0))"),"")
E16: =IFERROR(__xludf.DUMMYFUNCTION("IF(A16="""","""",IMAGE(QUERY('Deck Info'!A:F,""SELECT D WHERE A = '""&A16&""' AND B = '""&B16&""'"")))"),"") | F16: =IFERROR(__xludf.DUMMYFUNCTION("IF(A16="""","""",IMAGE(QUERY('Deck Info'!A:F,""SELECT E WHERE A = '""&A16&""' AND B = '""&B16&""'"")))"),"") | G16: =IFERROR(__xludf.DUMMYFUNCTION("IF(A16="""","""",IMAGE(QUERY('Deck Info'!A:F,""SELECT F WHERE A = '""&A16&""' AND B = '""&B16&""'"")))"),"") | N16: =IFERROR(__xludf.DUMMYFUNCTION("IMAGE(QUERY('Player Refs'!A:B,""SELECT B WHERE A = '""&K16&""'"",0))"),"") | S16: =IFERROR(__xludf.DUMMYFUNCTION("IMAGE(QUERY('Set Refs'!A:B,""SELECT B WHERE A = '""&P16&""'"",0))"),"")
E17: =IFERROR(__xludf.DUMMYFUNCTION("IF(A17="""","""",IMAGE(QUERY('Deck Info'!A:F,""SELECT D WHERE A = '""&A17&""' AND B = '""&B17&""'"")))"),"") | F17: =IFERROR(__xludf.DUMMYFUNCTION("IF(A17="""","""",IMAGE(QUERY('Deck Info'!A:F,""SELECT E WHERE A = '""&A17&""' AND B = '""&B17&""'"")))"),"") | G17: =IFERROR(__xludf.DUMMYFUNCTION("IF(A17="""","""",IMAGE(QUERY('Deck Info'!A:F,""SELECT F WHERE A = '""&A17&""' AND B = '""&B17&""'"")))"),"") | N17: =IFERROR(__xludf.DUMMYFUNCTION("IMAGE(QUERY('Player Refs'!A:B,""SELECT B WHERE A = '""&K17&""'"",0))"),"") | S17: =IFERROR(__xludf.DUMMYFUNCTION("IMAGE(QUERY('Set Refs'!A:B,""SELECT B WHERE A = '""&P17&""'"",0))"),"")
E18: =IFERROR(__xludf.DUMMYFUNCTION("IF(A18="""","""",IMAGE(QUERY('Deck Info'!A:F,""SELECT D WHERE A = '""&A18&""' AND B = '""&B18&""'"")))"),"") | F18: =IFERROR(__xludf.DUMMYFUNCTION("IF(A18="""","""",IMAGE(QUERY('Deck Info'!A:F,""SELECT E WHERE A = '""&A18&""' AND B = '""&B18&""'"")))"),"") | G18: =IFERROR(__xludf.DUMMYFUNCTION("IF(A18="""","""",IMAGE(QUERY('Deck Info'!A:F,""SELECT F WHERE A = '""&A18&""' AND B = '""&B18&""'"")))"),"") | N18: =IFERROR(__xludf.DUMMYFUNCTION("IMAGE(QUERY('Player Refs'!A:B,""SELECT B WHERE A = '""&K18&""'"",0))"),"") | S18: =IFERROR(__xludf.DUMMYFUNCTION("IMAGE(QUERY('Set Refs'!A:B,""SELECT B WHERE A = '""&P18&""'"",0))"),"")
E19: =IFERROR(__xludf.DUMMYFUNCTION("IF(A19="""","""",IMAGE(QUERY('Deck Info'!A:F,""SELECT D WHERE A = '""&A19&""' AND B = '""&B19&""'"")))"),"") | F19: =IFERROR(__xludf.DUMMYFUNCTION("IF(A19="""","""",IMAGE(QUERY('Deck Info'!A:F,""SELECT E WHERE A = '""&A19&""' AND B = '""&B19&""'"")))"),"") | G19: =IFERROR(__xludf.DUMMYFUNCTION("IF(A19="""","""",IMAGE(QUERY('Deck Info'!A:F,""SELECT F WHERE A = '""&A19&""' AND B = '""&B19&""'"")))"),"") | N19: =IFERROR(__xludf.DUMMYFUNCTION("IMAGE(QUERY('Player Refs'!A:B,""SELECT B WHERE A = '""&K19&""'"",0))"),"") | S19: =IFERROR(__xludf.DUMMYFUNCTION("IMAGE(QUERY('Set Refs'!A:B,""SELECT B WHERE A = '""&P19&""'"",0))"),"")
E20: =IFERROR(__xludf.DUMMYFUNCTION("IF(A20="""","""",IMAGE(QUERY('Deck Info'!A:F,""SELECT D WHERE A = '""&A20&""' AND B = '""&B20&""'"")))"),"") | F20: =IFERROR(__xludf.DUMMYFUNCTION("IF(A20="""","""",IMAGE(QUERY('Deck Info'!A:F,""SELECT E WHERE A = '""&A20&""' AND B = '""&B20&""'"")))"),"") | G20: =IFERROR(__xludf.DUMMYFUNCTION("IF(A20="""","""",IMAGE(QUERY('Deck Info'!A:F,""SELECT F WHERE A = '""&A20&""' AND B = '""&B20&""'"")))"),"") | N20: =IFERROR(__xludf.DUMMYFUNCTION("IMAGE(QUERY('Player Refs'!A:B,""SELECT B WHERE A = '""&K20&""'"",0))"),"") | S20: =IFERROR(__xludf.DUMMYFUNCTION("IMAGE(QUERY('Set Refs'!A:B,""SELECT B WHERE A = '""&P20&""'"",0))"),"")
N21: =IFERROR(__xludf.DUMMYFUNCTION("IMAGE(QUERY('Player Refs'!A:B,""SELECT B WHERE A = '""&K21&""'"",0))"),"") | S21: =IFERROR(__xludf.DUMMYFUNCTION("IMAGE(QUERY('Set Refs'!A:B,""SELECT B WHERE A = '""&P21&""'"",0))"),"")
N22: =IFERROR(__xludf.DUMMYFUNCTION("IMAGE(QUERY('Player Refs'!A:B,""SELECT B WHERE A = '""&K22&""'"",0))"),"") | S22: =IFERROR(__xludf.DUMMYFUNCTION("IMAGE(QUERY('Set Refs'!A:B,""SELECT B WHERE A = '""&P22&""'"",0))"),"")
N23: =IFERROR(__xludf.DUMMYFUNCTION("IMAGE(QUERY('Player Refs'!A:B,""SELECT B WHERE A = '""&K23&""'"",0))"),"") | S23: =IFERROR(__xludf.DUMMYFUNCTION("IMAGE(QUERY('Set Refs'!A:B,""SELECT B WHERE A = '""&P23&""'"",0))"),"")

Sheet Torneos Recientes
A1: EMPIRE GAMES (Local) | I1: EMPIRE GAMES (WSEC) | Q1: EMPIRE GAMES (Local) | Y1: EMPIRE GAMES (WSEC) | AG1: EMPIRE GAMES
A2: 46179 | I2: 46186 | Q2: 46193 | Y2: 46200
A3: =IFERROR(__xludf.DUMMYFUNCTION("QUERY( 'Raw Data'!B:G, ""SELECT Col2,Col3,Col4,Col5,Col6 WHERE Col1 = date '""&TEXT(A2,""yyyy-MM-dd"")&""' ORDER BY Col5 DESC LABEL Col2 'Jugador', Col3 'Set', Col4 'Deck', Col5 'Wins', Col6 'Losses'"", 1 )"),"Jugador") -> Jugador | B3: =IFERROR(__xludf.DUMMYFUNCTION("""COMPUTED_VALUE"""),"Set") -> Set | C3: =IFERROR(__xludf.DUMMYFUNCTION("""COMPUTED_VALUE"""),"Deck") -> Deck | D3: =IFERROR(__xludf.DUMMYFUNCTION("""COMPUTED_VALUE"""),"Wins") -> Wins | E3: =IFERROR(__xludf.DUMMYFUNCTION("""COMPUTED_VALUE"""),"Losses") -> Losses | F3: Img | G3: Img | H3: Img | I3: =IFERROR(__xludf.DUMMYFUNCTION("QUERY( 'Raw Data'!B:G, ""SELECT Col2,Col3,Col4,Col5,Col6 WHERE Col1 = date '""&TEXT(I2,""yyyy-MM-dd"")&""' ORDER BY Col5 DESC LABEL Col2 'Jugador', Col3 'Set', Col4 'Arquetipo', Col5 'Wins', Col6 'Losses'"", 1 )"),"Jugador") -> Jugador | J3: =IFERROR(__xludf.DUMMYFUNCTION("""COMPUTED_VALUE"""),"Set") -> Set | K3: =IFERROR(__xludf.DUMMYFUNCTION("""COMPUTED_VALUE"""),"Arquetipo") -> Arquetipo | L3: =IFERROR(__xludf.DUMMYFUNCTION("""COMPUTED_VALUE"""),"Wins") -> Wins | M3: =IFERROR(__xludf.DUMMYFUNCTION("""COMPUTED_VALUE"""),"Losses") -> Losses | N3: Img | O3: Img | P3: Img | Q3: =IFERROR(__xludf.DUMMYFUNCTION("QUERY( 'Raw Data'!B:G, ""SELECT Col2,Col3,Col4,Col5,Col6 WHERE Col1 = date '""&TEXT(Q2,""yyyy-MM-dd"")&""' ORDER BY Col5 DESC LABEL Col2 'Jugador', Col3 'Set', Col4 'Arquetipo', Col5 'Wins', Col6 'Losses'"", 1 )"),"Jugador") -> Jugador | R3: =IFERROR(__xludf.DUMMYFUNCTION("""COMPUTED_VALUE"""),"Set") -> Set | S3: =IFERROR(__xludf.DUMMYFUNCTION("""COMPUTED_VALUE"""),"Arquetipo") -> Arquetipo | T3: =IFERROR(__xludf.DUMMYFUNCTION("""COMPUTED_VALUE"""),"Wins") -> Wins | U3: =IFERROR(__xludf.DUMMYFUNCTION("""COMPUTED_VALUE"""),"Losses") -> Losses | V3: Img | W3: Img | X3: Img | Y3: =IFERROR(__xludf.DUMMYFUNCTION("QUERY( 'Raw Data'!B:G, ""SELECT Col2,Col3,Col4,Col5,Col6 WHERE Col1 = date '""&TEXT(Y2,""yyyy-MM-dd"")&""' ORDER BY Col5 DESC LABEL Col2 'Jugador', Col3 'Set', Col4 'Arquetipo', Col5 'Wins', Col6 'Losses'"", 1 )"),"Jugador") -> Jugador | Z3: =IFERROR(__xludf.DUMMYFUNCTION("""COMPUTED_VALUE"""),"Set") -> Set | AA3: =IFERROR(__xludf.DUMMYFUNCTION("""COMPUTED_VALUE"""),"Arquetipo") -> Arquetipo | AB3: =IFERROR(__xludf.DUMMYFUNCTION("""COMPUTED_VALUE"""),"Wins") -> Wins | AC3: =IFERROR(__xludf.DUMMYFUNCTION("""COMPUTED_VALUE"""),"Losses") -> Losses | AD3: Img | AE3: Img | AF3: Img | AG3: =IFERROR(__xludf.DUMMYFUNCTION("QUERY( 'Raw Data'!B:G, ""SELECT Col2,Col3,Col4,Col5,Col6 WHERE Col1 = date '""&TEXT(AG2,""yyyy-MM-dd"")&""' ORDER BY Col5 DESC LABEL Col2 'Jugador', Col3 'Set', Col4 'Arquetipo', Col5 'Wins', Col6 'Losses'"", 1 )"),"Jugador") -> Jugador | AH3: =IFERROR(__xludf.DUMMYFUNCTION("""COMPUTED_VALUE"""),"Set") -> Set | AI3: =IFERROR(__xludf.DUMMYFUNCTION("""COMPUTED_VALUE"""),"Arquetipo") -> Arquetipo | AJ3: =IFERROR(__xludf.DUMMYFUNCTION("""COMPUTED_VALUE"""),"Wins") -> Wins | AK3: =IFERROR(__xludf.DUMMYFUNCTION("""COMPUTED_VALUE"""),"Losses") -> Losses | AL3: Img | AM3: Img | AN3: Img
A4: =IFERROR(__xludf.DUMMYFUNCTION("""COMPUTED_VALUE"""),"Pinya") -> Pinya | B4: =IFERROR(__xludf.DUMMYFUNCTION("""COMPUTED_VALUE"""),"EIS") -> EIS | C4: =IFERROR(__xludf.DUMMYFUNCTION("""COMPUTED_VALUE"""),"8 Door TD") -> 8 Door TD | D4: =IFERROR(__xludf.DUMMYFUNCTION("""COMPUTED_VALUE"""),4.0) -> 4 | E4: =IFERROR(__xludf.DUMMYFUNCTION("""COMPUTED_VALUE"""),0.0) -> 0 | F4: =IFERROR(__xludf.DUMMYFUNCTION("IF(A4="""","""",IMAGE(QUERY('Deck Info'!A:F,""SELECT D WHERE A = '""&B4&""' AND B = '""&C4&""'"")))"),"") | G4: =IFERROR(__xludf.DUMMYFUNCTION("IF(A4="""","""",IMAGE(QUERY('Deck Info'!A:F,""SELECT E WHERE A = '""&B4&""' AND B = '""&C4&""'"")))"),"") | H4: =IFERROR(__xludf.DUMMYFUNCTION("IF(A4="""","""",IMAGE(QUERY('Deck Info'!A:F,""SELECT F WHERE A = '""&B4&""' AND B = '""&C4&""'"")))"),"") | I4: =IFERROR(__xludf.DUMMYFUNCTION("""COMPUTED_VALUE"""),"Velz") -> Velz | J4: =IFERROR(__xludf.DUMMYFUNCTION("""COMPUTED_VALUE"""),"OVL") -> OVL | K4: =IFERROR(__xludf.DUMMYFUNCTION("""COMPUTED_VALUE"""),"8 Door") -> 8 Door | L4: =IFERROR(__xludf.DUMMYFUNCTION("""COMPUTED_VALUE"""),4.0) -> 4 | M4: =IFERROR(__xludf.DUMMYFUNCTION("""COMPUTED_VALUE"""),0.0) -> 0 | N4: =IFERROR(__xludf.DUMMYFUNCTION("IF(I4="""","""",IMAGE(QUERY('Deck Info'!A:F,""SELECT D WHERE A = '""&J4&""' AND B = '""&K4&""'"")))"),"") | O4: =IFERROR(__xludf.DUMMYFUNCTION("IF(I4="""","""",IMAGE(QUERY('Deck Info'!A:F,""SELECT E WHERE A = '""&J4&""' AND B = '""&K4&""'"")))"),"") | P4: =IFERROR(__xludf.DUMMYFUNCTION("IF(I4="""","""",IMAGE(QUERY('Deck Info'!A:F,""SELECT F WHERE A = '""&J4&""' AND B = '""&K4&""'"")))"),"") | V4: =IFERROR(__xludf.DUMMYFUNCTION("IF(Q4="""","""",IMAGE(QUERY('Deck Info'!A:F,""SELECT D WHERE A = '""&R4&""' AND B = '""&S4&""'"")))"),"") | W4: =IFERROR(__xludf.DUMMYFUNCTION("IF(Q4="""","""",IMAGE(QUERY('Deck Info'!A:F,""SELECT E WHERE A = '""&R4&""' AND B = '""&S4&""'"")))"),"") | X4: =IFERROR(__xludf.DUMMYFUNCTION("IF(Q4="""","""",IMAGE(QUERY('Deck Info'!A:F,""SELECT F WHERE A = '""&R4&""' AND B = '""&S4&""'"")))"),"") | AD4: =IFERROR(__xludf.DUMMYFUNCTION("IF(Y4="""","""",IMAGE(QUERY('Deck Info'!A:F,""SELECT D WHERE A = '""&Z4&""' AND B = '""&AA4&""'"")))"),"") | AE4: =IFERROR(__xludf.DUMMYFUNCTION("IF(Y4="""","""",IMAGE(QUERY('Deck Info'!A:F,""SELECT E WHERE A = '""&Z4&""' AND B = '""&AA4&""'"")))"),"") | AF4: =IFERROR(__xludf.DUMMYFUNCTION("IF(Y4="""","""",IMAGE(QUERY('Deck Info'!A:F,""SELECT F WHERE A = '""&Z4&""' AND B = '""&AA4&""'"")))"),"") | AL4: =IFERROR(__xludf.DUMMYFUNCTION("IF(AG4="""","""",IMAGE(QUERY('Deck Info'!A:F,""SELECT D WHERE A = '""&AH4&""' AND B = '""&AI4&""'"")))"),"") | AM4: =IFERROR(__xludf.DUMMYFUNCTION("IF(AG4="""","""",IMAGE(QUERY('Deck Info'!A:F,""SELECT E WHERE A = '""&AH4&""' AND B = '""&AI4&""'"")))"),"") | AN4: =IFERROR(__xludf.DUMMYFUNCTION("IF(AG4="""","""",IMAGE(QUERY('Deck Info'!A:F,""SELECT F WHERE A = '""&AH4&""' AND B = '""&AI4&""'"")))"),"")
A5: =IFERROR(__xludf.DUMMYFUNCTION("""COMPUTED_VALUE"""),"Seyer") -> Seyer | B5: =IFERROR(__xludf.DUMMYFUNCTION("""COMPUTED_VALUE"""),"CSM") -> CSM | C5: =IFERROR(__xludf.DUMMYFUNCTION("""COMPUTED_VALUE"""),"StockSoul Standby") -> StockSoul Standby | D5: =IFERROR(__xludf.DUMMYFUNCTION("""COMPUTED_VALUE"""),3.0) -> 3 | E5: =IFERROR(__xludf.DUMMYFUNCTION("""COMPUTED_VALUE"""),1.0) -> 1 | F5: =IFERROR(__xludf.DUMMYFUNCTION("IF(A5="""","""",IMAGE(QUERY('Deck Info'!A:F,""SELECT D WHERE A = '""&B5&""' AND B = '""&C5&""'"")))"),"") | G5: =IFERROR(__xludf.DUMMYFUNCTION("IF(A5="""","""",IMAGE(QUERY('Deck Info'!A:F,""SELECT E WHERE A = '""&B5&""' AND B = '""&C5&""'"")))"),"") | H5: =IFERROR(__xludf.DUMMYFUNCTION("IF(A5="""","""",IMAGE(QUERY('Deck Info'!A:F,""SELECT F WHERE A = '""&B5&""' AND B = '""&C5&""'"")))"),"") | I5: =IFERROR(__xludf.DUMMYFUNCTION("""COMPUTED_VALUE"""),"Seyer") -> Seyer | J5: =IFERROR(__xludf.DUMMYFUNCTION("""COMPUTED_VALUE"""),"CSM") -> CSM | K5: =IFERROR(__xludf.DUMMYFUNCTION("""COMPUTED_VALUE"""),"StockSoul Bar") -> StockSoul Bar | L5: =IFERROR(__xludf.DUMMYFUNCTION("""COMPUTED_VALUE"""),3.0) -> 3 | M5: =IFERROR(__xludf.DUMMYFUNCTION("""COMPUTED_VALUE"""),1.0) -> 1 | N5: =IFERROR(__xludf.DUMMYFUNCTION("IF(I5="""","""",IMAGE(QUERY('Deck Info'!A:F,""SELECT D WHERE A = '""&J5&""' AND B = '""&K5&""'"")))"),"") | O5: =IFERROR(__xludf.DUMMYFUNCTION("IF(I5="""","""",IMAGE(QUERY('Deck Info'!A:F,""SELECT E WHERE A = '""&J5&""' AND B = '""&K5&""'"")))"),"") | P5: =IFERROR(__xludf.DUMMYFUNCTION("IF(I5="""","""",IMAGE(QUERY('Deck Info'!A:F,""SELECT F WHERE A = '""&J5&""' AND B = '""&K5&""'"")))"),"") | V5: =IFERROR(__xludf.DUMMYFUNCTION("IF(Q5="""","""",IMAGE(QUERY('Deck Info'!A:F,""SELECT D WHERE A = '""&R5&""' AND B = '""&S5&""'"")))"),"") | W5: =IFERROR(__xludf.DUMMYFUNCTION("IF(Q5="""","""",IMAGE(QUERY('Deck Info'!A:F,""SELECT E WHERE A = '""&R5&""' AND B = '""&S5&""'"")))"),"") | X5: =IFERROR(__xludf.DUMMYFUNCTION("IF(Q5="""","""",IMAGE(QUERY('Deck Info'!A:F,""SELECT F WHERE A = '""&R5&""' AND B = '""&S5&""'"")))"),"") | AD5: =IFERROR(__xludf.DUMMYFUNCTION("IF(Y5="""","""",IMAGE(QUERY('Deck Info'!A:F,""SELECT D WHERE A = '""&Z5&""' AND B = '""&AA5&""'"")))"),"") | AE5: =IFERROR(__xludf.DUMMYFUNCTION("IF(Y5="""","""",IMAGE(QUERY('Deck Info'!A:F,""SELECT E WHERE A = '""&Z5&""' AND B = '""&AA5&""'"")))"),"") | AF5: =IFERROR(__xludf.DUMMYFUNCTION("IF(Y5="""","""",IMAGE(QUERY('Deck Info'!A:F,""SELECT F WHERE A = '""&Z5&""' AND B = '""&AA5&""'"")))"),"") | AL5: =IFERROR(__xludf.DUMMYFUNCTION("IF(AG5="""","""",IMAGE(QUERY('Deck Info'!A:F,""SELECT D WHERE A = '""&AH5&""' AND B = '""&AI5&""'"")))"),"") | AM5: =IFERROR(__xludf.DUMMYFUNCTION("IF(AG5="""","""",IMAGE(QUERY('Deck Info'!A:F,""SELECT E WHERE A = '""&AH5&""' AND B = '""&AI5&""'"")))"),"") | AN5: =IFERROR(__xludf.DUMMYFUNCTION("IF(AG5="""","""",IMAGE(QUERY('Deck Info'!A:F,""SELECT F WHERE A = '""&AH5&""' AND B = '""&AI5&""'"")))"),"")
A6: =IFERROR(__xludf.DUMMYFUNCTION("""COMPUTED_VALUE"""),"Angladita") -> Angladita | B6: =IFERROR(__xludf.DUMMYFUNCTION("""COMPUTED_VALUE"""),"OVL") -> OVL | C6: =IFERROR(__xludf.DUMMYFUNCTION("""COMPUTED_VALUE"""),"8 Door") -> 8 Door | D6: =IFERROR(__xludf.DUMMYFUNCTION("""COMPUTED_VALUE"""),3.0) -> 3 | E6: =IFERROR(__xludf.DUMMYFUNCTION("""COMPUTED_VALUE"""),1.0) -> 1 | F6: =IFERROR(__xludf.DUMMYFUNCTION("IF(A6="""","""",IMAGE(QUERY('Deck Info'!A:F,""SELECT D WHERE A = '""&B6&""' AND B = '""&C6&""'"")))"),"") | G6: =IFERROR(__xludf.DUMMYFUNCTION("IF(A6="""","""",IMAGE(QUERY('Deck Info'!A:F,""SELECT E WHERE A = '""&B6&""' AND B = '""&C6&""'"")))"),"") | H6: =IFERROR(__xludf.DUMMYFUNCTION("IF(A6="""","""",IMAGE(QUERY('Deck Info'!A:F,""SELECT F WHERE A = '""&B6&""' AND B = '""&C6&""'"")))"),"") | I6: =IFERROR(__xludf.DUMMYFUNCTION("""COMPUTED_VALUE"""),"Sp3ctrum") -> Sp3ctrum | J6: =IFERROR(__xludf.DUMMYFUNCTION("""COMPUTED_VALUE"""),"BD") -> BD | K6: =IFERROR(__xludf.DUMMYFUNCTION("""COMPUTED_VALUE"""),"Bar Door") -> Bar Door | L6: =IFERROR(__xludf.DUMMYFUNCTION("""COMPUTED_VALUE"""),3.0) -> 3 | M6: =IFERROR(__xludf.DUMMYFUNCTION("""COMPUTED_VALUE"""),1.0) -> 1 | N6: =IFERROR(__xludf.DUMMYFUNCTION("IF(I6="""","""",IMAGE(QUERY('Deck Info'!A:F,""SELECT D WHERE A = '""&J6&""' AND B = '""&K6&""'"")))"),"") | O6: =IFERROR(__xludf.DUMMYFUNCTION("IF(I6="""","""",IMAGE(QUERY('Deck Info'!A:F,""SELECT E WHERE A = '""&J6&""' AND B = '""&K6&""'"")))"),"") | P6: =IFERROR(__xludf.DUMMYFUNCTION("IF(I6="""","""",IMAGE(QUERY('Deck Info'!A:F,""SELECT F WHERE A = '""&J6&""' AND B = '""&K6&""'"")))"),"") | V6: =IFERROR(__xludf.DUMMYFUNCTION("IF(Q6="""","""",IMAGE(QUERY('Deck Info'!A:F,""SELECT D WHERE A = '""&R6&""' AND B = '""&S6&""'"")))"),"") | W6: =IFERROR(__xludf.DUMMYFUNCTION("IF(Q6="""","""",IMAGE(QUERY('Deck Info'!A:F,""SELECT E WHERE A = '""&R6&""' AND B = '""&S6&""'"")))"),"") | X6: =IFERROR(__xludf.DUMMYFUNCTION("IF(Q6="""","""",IMAGE(QUERY('Deck Info'!A:F,""SELECT F WHERE A = '""&R6&""' AND B = '""&S6&""'"")))"),"") | AD6: =IFERROR(__xludf.DUMMYFUNCTION("IF(Y6="""","""",IMAGE(QUERY('Deck Info'!A:F,""SELECT D WHERE A = '""&Z6&""' AND B = '""&AA6&""'"")))"),"") | AE6: =IFERROR(__xludf.DUMMYFUNCTION("IF(Y6="""","""",IMAGE(QUERY('Deck Info'!A:F,""SELECT E WHERE A = '""&Z6&""' AND B = '""&AA6&""'"")))"),"") | AF6: =IFERROR(__xludf.DUMMYFUNCTION("IF(Y6="""","""",IMAGE(QUERY('Deck Info'!A:F,""SELECT F WHERE A = '""&Z6&""' AND B = '""&AA6&""'"")))"),"") | AL6: =IFERROR(__xludf.DUMMYFUNCTION("IF(AG6="""","""",IMAGE(QUERY('Deck Info'!A:F,""SELECT D WHERE A = '""&AH6&""' AND B = '""&AI6&""'"")))"),"") | AM6: =IFERROR(__xludf.DUMMYFUNCTION("IF(AG6="""","""",IMAGE(QUERY('Deck Info'!A:F,""SELECT E WHERE A = '""&AH6&""' AND B = '""&AI6&""'"")))"),"") | AN6: =IFERROR(__xludf.DUMMYFUNCTION("IF(AG6="""","""",IMAGE(QUERY('Deck Info'!A:F,""SELECT F WHERE A = '""&AH6&""' AND B = '""&AI6&""'"")))"),"")
A7: =IFERROR(__xludf.DUMMYFUNCTION("""COMPUTED_VALUE"""),"Kartoffel") -> Kartoffel | B7: =IFERROR(__xludf.DUMMYFUNCTION("""COMPUTED_VALUE"""),"CSM") -> CSM | C7: =IFERROR(__xludf.DUMMYFUNCTION("""COMPUTED_VALUE"""),"StockSoul Bar") -> StockSoul Bar | D7: =IFERROR(__xludf.DUMMYFUNCTION("""COMPUTED_VALUE"""),2.0) -> 2 | E7: =IFERROR(__xludf.DUMMYFUNCTION("""COMPUTED_VALUE"""),2.0) -> 2 | F7: =IFERROR(__xludf.DUMMYFUNCTION("IF(A7="""","""",IMAGE(QUERY('Deck Info'!A:F,""SELECT D WHERE A = '""&B7&""' AND B = '""&C7&""'"")))"),"") | G7: =IFERROR(__xludf.DUMMYFUNCTION("IF(A7="""","""",IMAGE(QUERY('Deck Info'!A:F,""SELECT E WHERE A = '""&B7&""' AND B = '""&C7&""'"")))"),"") | H7: =IFERROR(__xludf.DUMMYFUNCTION("IF(A7="""","""",IMAGE(QUERY('Deck Info'!A:F,""SELECT F WHERE A = '""&B7&""' AND B = '""&C7&""'"")))"),"") | I7: =IFERROR(__xludf.DUMMYFUNCTION("""COMPUTED_VALUE"""),"JustFluffy") -> JustFluffy | J7: =IFERROR(__xludf.DUMMYFUNCTION("""COMPUTED_VALUE"""),"EIS") -> EIS | K7: =IFERROR(__xludf.DUMMYFUNCTION("""COMPUTED_VALUE"""),"5 Door 3 Pants Sortie") -> 5 Door 3 Pants Sortie | L7: =IFERROR(__xludf.DUMMYFUNCTION("""COMPUTED_VALUE"""),3.0) -> 3 | M7: =IFERROR(__xludf.DUMMYFUNCTION("""COMPUTED_VALUE"""),1.0) -> 1 | N7: =IFERROR(__xludf.DUMMYFUNCTION("IF(I7="""","""",IMAGE(QUERY('Deck Info'!A:F,""SELECT D WHERE A = '""&J7&""' AND B = '""&K7&""'"")))"),"#N/A") -> #N/A | O7: =IFERROR(__xludf.DUMMYFUNCTION("IF(I7="""","""",IMAGE(QUERY('Deck Info'!A:F,""SELECT E WHERE A = '""&J7&""' AND B = '""&K7&""'"")))"),"#N/A") -> #N/A | P7: =IFERROR(__xludf.DUMMYFUNCTION("IF(I7="""","""",IMAGE(QUERY('Deck Info'!A:F,""SELECT F WHERE A = '""&J7&""' AND B = '""&K7&""'"")))"),"#N/A") -> #N/A | V7: =IFERROR(__xludf.DUMMYFUNCTION("IF(Q7="""","""",IMAGE(QUERY('Deck Info'!A:F,""SELECT D WHERE A = '""&R7&""' AND B = '""&S7&""'"")))"),"") | W7: =IFERROR(__xludf.DUMMYFUNCTION("IF(Q7="""","""",IMAGE(QUERY('Deck Info'!A:F,""SELECT E WHERE A = '""&R7&""' AND B = '""&S7&""'"")))"),"") | X7: =IFERROR(__xludf.DUMMYFUNCTION("IF(Q7="""","""",IMAGE(QUERY('Deck Info'!A:F,""SELECT F WHERE A = '""&R7&""' AND B = '""&S7&""'"")))"),"") | AD7: =IFERROR(__xludf.DUMMYFUNCTION("IF(Y7="""","""",IMAGE(QUERY('Deck Info'!A:F,""SELECT D WHERE A = '""&Z7&""' AND B = '""&AA7&""'"")))"),"") | AE7: =IFERROR(__xludf.DUMMYFUNCTION("IF(Y7="""","""",IMAGE(QUERY('Deck Info'!A:F,""SELECT E WHERE A = '""&Z7&""' AND B = '""&AA7&""'"")))"),"") | AF7: =IFERROR(__xludf.DUMMYFUNCTION("IF(Y7="""","""",IMAGE(QUERY('Deck Info'!A:F,""SELECT F WHERE A = '""&Z7&""' AND B = '""&AA7&""'"")))"),"") | AL7: =IFERROR(__xludf.DUMMYFUNCTION("IF(AG7="""","""",IMAGE(QUERY('Deck Info'!A:F,""SELECT D WHERE A = '""&AH7&""' AND B = '""&AI7&""'"")))"),"") | AM7: =IFERROR(__xludf.DUMMYFUNCTION("IF(AG7="""","""",IMAGE(QUERY('Deck Info'!A:F,""SELECT E WHERE A = '""&AH7&""' AND B = '""&AI7&""'"")))"),"") | AN7: =IFERROR(__xludf.DUMMYFUNCTION("IF(AG7="""","""",IMAGE(QUERY('Deck Info'!A:F,""SELECT F WHERE A = '""&AH7&""' AND B = '""&AI7&""'"")))"),"")
A8: =IFERROR(__xludf.DUMMYFUNCTION("""COMPUTED_VALUE"""),"Mualco") -> Mualco | B8: =IFERROR(__xludf.DUMMYFUNCTION("""COMPUTED_VALUE"""),"Fxx") -> Fxx | C8: =IFERROR(__xludf.DUMMYFUNCTION("""COMPUTED_VALUE"""),"8 Standby") -> 8 Standby | D8: =IFERROR(__xludf.DUMMYFUNCTION("""COMPUTED_VALUE"""),2.0) -> 2 | E8: =IFERROR(__xludf.DUMMYFUNCTION("""COMPUTED_VALUE"""),2.0) -> 2 | F8: =IFERROR(__xludf.DUMMYFUNCTION("IF(A8="""","""",IMAGE(QUERY('Deck Info'!A:F,""SELECT D WHERE A = '""&B8&""' AND B = '""&C8&""'"")))"),"") | G8: =IFERROR(__xludf.DUMMYFUNCTION("IF(A8="""","""",IMAGE(QUERY('Deck Info'!A:F,""SELECT E WHERE A = '""&B8&""' AND B = '""&C8&""'"")))"),"") | H8: =IFERROR(__xludf.DUMMYFUNCTION("IF(A8="""","""",IMAGE(QUERY('Deck Info'!A:F,""SELECT F WHERE A = '""&B8&""' AND B = '""&C8&""'"")))"),"") | I8: =IFERROR(__xludf.DUMMYFUNCTION("""COMPUTED_VALUE"""),"Pinya") -> Pinya | J8: =IFERROR(__xludf.DUMMYFUNCTION("""COMPUTED_VALUE"""),"EIS") -> EIS | K8: =IFERROR(__xludf.DUMMYFUNCTION("""COMPUTED_VALUE"""),"8 Door TD") -> 8 Door TD | L8: =IFERROR(__xludf.DUMMYFUNCTION("""COMPUTED_VALUE"""),2.0) -> 2 | M8: =IFERROR(__xludf.DUMMYFUNCTION("""COMPUTED_VALUE"""),2.0) -> 2 | N8: =IFERROR(__xludf.DUMMYFUNCTION("IF(I8="""","""",IMAGE(QUERY('Deck Info'!A:F,""SELECT D WHERE A = '""&J8&""' AND B = '""&K8&""'"")))"),"") | O8: =IFERROR(__xludf.DUMMYFUNCTION("IF(I8="""","""",IMAGE(QUERY('Deck Info'!A:F,""SELECT E WHERE A = '""&J8&""' AND B = '""&K8&""'"")))"),"") | P8: =IFERROR(__xludf.DUMMYFUNCTION("IF(I8="""","""",IMAGE(QUERY('Deck Info'!A:F,""SELECT F WHERE A = '""&J8&""' AND B = '""&K8&""'"")))"),"") | V8: =IFERROR(__xludf.DUMMYFUNCTION("IF(Q8="""","""",IMAGE(QUERY('Deck Info'!A:F,""SELECT D WHERE A = '""&R8&""' AND B = '""&S8&""'"")))"),"") | W8: =IFERROR(__xludf.DUMMYFUNCTION("IF(Q8="""","""",IMAGE(QUERY('Deck Info'!A:F,""SELECT E WHERE A = '""&R8&""' AND B = '""&S8&""'"")))"),"") | X8: =IFERROR(__xludf.DUMMYFUNCTION("IF(Q8="""","""",IMAGE(QUERY('Deck Info'!A:F,""SELECT F WHERE A = '""&R8&""' AND B = '""&S8&""'"")))"),"") | AD8: =IFERROR(__xludf.DUMMYFUNCTION("IF(Y8="""","""",IMAGE(QUERY('Deck Info'!A:F,""SELECT D WHERE A = '""&Z8&""' AND B = '""&AA8&""'"")))"),"") | AE8: =IFERROR(__xludf.DUMMYFUNCTION("IF(Y8="""","""",IMAGE(QUERY('Deck Info'!A:F,""SELECT E WHERE A = '""&Z8&""' AND B = '""&AA8&""'"")))"),"") | AF8: =IFERROR(__xludf.DUMMYFUNCTION("IF(Y8="""","""",IMAGE(QUERY('Deck Info'!A:F,""SELECT F WHERE A = '""&Z8&""' AND B = '""&AA8&""'"")))"),"") | AL8: =IFERROR(__xludf.DUMMYFUNCTION("IF(AG8="""","""",IMAGE(QUERY('Deck Info'!A:F,""SELECT D WHERE A = '""&AH8&""' AND B = '""&AI8&""'"")))"),"") | AM8: =IFERROR(__xludf.DUMMYFUNCTION("IF(AG8="""","""",IMAGE(QUERY('Deck Info'!A:F,""SELECT E WHERE A = '""&AH8&""' AND B = '""&AI8&""'"")))"),"") | AN8: =IFERROR(__xludf.DUMMYFUNCTION("IF(AG8="""","""",IMAGE(QUERY('Deck Info'!A:F,""SELECT F WHERE A = '""&AH8&""' AND B = '""&AI8&""'"")))"),"")
A9: =IFERROR(__xludf.DUMMYFUNCTION("""COMPUTED_VALUE"""),"Kururu") -> Kururu | B9: =IFERROR(__xludf.DUMMYFUNCTION("""COMPUTED_VALUE"""),"MKI") -> MKI | C9: =IFERROR(__xludf.DUMMYFUNCTION("""COMPUTED_VALUE"""),"Standby Pants") -> Standby Pants | D9: =IFERROR(__xludf.DUMMYFUNCTION("""COMPUTED_VALUE"""),2.0) -> 2 | E9: =IFERROR(__xludf.DUMMYFUNCTION("""COMPUTED_VALUE"""),2.0) -> 2 | F9: =IFERROR(__xludf.DUMMYFUNCTION("IF(A9="""","""",IMAGE(QUERY('Deck Info'!A:F,""SELECT D WHERE A = '""&B9&""' AND B = '""&C9&""'"")))"),"") | G9: =IFERROR(__xludf.DUMMYFUNCTION("IF(A9="""","""",IMAGE(QUERY('Deck Info'!A:F,""SELECT E WHERE A = '""&B9&""' AND B = '""&C9&""'"")))"),"") | H9: =IFERROR(__xludf.DUMMYFUNCTION("IF(A9="""","""",IMAGE(QUERY('Deck Info'!A:F,""SELECT F WHERE A = '""&B9&""' AND B = '""&C9&""'"")))"),"") | I9: =IFERROR(__xludf.DUMMYFUNCTION("""COMPUTED_VALUE"""),"Will") -> Will | J9: =IFERROR(__xludf.DUMMYFUNCTION("""COMPUTED_VALUE"""),"LRC") -> LRC | K9: =IFERROR(__xludf.DUMMYFUNCTION("""COMPUTED_VALUE"""),"Pants Door") -> Pants Door | L9: =IFERROR(__xludf.DUMMYFUNCTION("""COMPUTED_VALUE"""),2.0) -> 2 | M9: =IFERROR(__xludf.DUMMYFUNCTION("""COMPUTED_VALUE"""),2.0) -> 2 | N9: =IFERROR(__xludf.DUMMYFUNCTION("IF(I9="""","""",IMAGE(QUERY('Deck Info'!A:F,""SELECT D WHERE A = '""&J9&""' AND B = '""&K9&""'"")))"),"") | O9: =IFERROR(__xludf.DUMMYFUNCTION("IF(I9="""","""",IMAGE(QUERY('Deck Info'!A:F,""SELECT E WHERE A = '""&J9&""' AND B = '""&K9&""'"")))"),"") | P9: =IFERROR(__xludf.DUMMYFUNCTION("IF(I9="""","""",IMAGE(QUERY('Deck Info'!A:F,""SELECT F WHERE A = '""&J9&""' AND B = '""&K9&""'"")))"),"") | V9: =IFERROR(__xludf.DUMMYFUNCTION("IF(Q9="""","""",IMAGE(QUERY('Deck Info'!A:F,""SELECT D WHERE A = '""&R9&""' AND B = '""&S9&""'"")))"),"") | W9: =IFERROR(__xludf.DUMMYFUNCTION("IF(Q9="""","""",IMAGE(QUERY('Deck Info'!A:F,""SELECT E WHERE A = '""&R9&""' AND B = '""&S9&""'"")))"),"") | X9: =IFERROR(__xludf.DUMMYFUNCTION("IF(Q9="""","""",IMAGE(QUERY('Deck Info'!A:F,""SELECT F WHERE A = '""&R9&""' AND B = '""&S9&""'"")))"),"") | AD9: =IFERROR(__xludf.DUMMYFUNCTION("IF(Y9="""","""",IMAGE(QUERY('Deck Info'!A:F,""SELECT D WHERE A = '""&Z9&""' AND B = '""&AA9&""'"")))"),"") | AE9: =IFERROR(__xludf.DUMMYFUNCTION("IF(Y9="""","""",IMAGE(QUERY('Deck Info'!A:F,""SELECT E WHERE A = '""&Z9&""' AND B = '""&AA9&""'"")))"),"") | AF9: =IFERROR(__xludf.DUMMYFUNCTION("IF(Y9="""","""",IMAGE(QUERY('Deck Info'!A:F,""SELECT F WHERE A = '""&Z9&""' AND B = '""&AA9&""'"")))"),"") | AL9: =IFERROR(__xludf.DUMMYFUNCTION("IF(AG9="""","""",IMAGE(QUERY('Deck Info'!A:F,""SELECT D WHERE A = '""&AH9&""' AND B = '""&AI9&""'"")))"),"") | AM9: =IFERROR(__xludf.DUMMYFUNCTION("IF(AG9="""","""",IMAGE(QUERY('Deck Info'!A:F,""SELECT E WHERE A = '""&AH9&""' AND B = '""&AI9&""'"")))"),"") | AN9: =IFERROR(__xludf.DUMMYFUNCTION("IF(AG9="""","""",IMAGE(QUERY('Deck Info'!A:F,""SELECT F WHERE A = '""&AH9&""' AND B = '""&AI9&""'"")))"),"")
A10: =IFERROR(__xludf.DUMMYFUNCTION("""COMPUTED_VALUE"""),"Nomar") -> Nomar | B10: =IFERROR(__xludf.DUMMYFUNCTION("""COMPUTED_VALUE"""),"NIK") -> NIK | C10: =IFERROR(__xludf.DUMMYFUNCTION("""COMPUTED_VALUE"""),"Pants Bag") -> Pants Bag | D10: =IFERROR(__xludf.DUMMYFUNCTION("""COMPUTED_VALUE"""),1.0) -> 1 | E10: =IFERROR(__xludf.DUMMYFUNCTION("""COMPUTED_VALUE"""),3.0) -> 3 | F10: =IFERROR(__xludf.DUMMYFUNCTION("IF(A10="""","""",IMAGE(QUERY('Deck Info'!A:F,""SELECT D WHERE A = '""&B10&""' AND B = '""&C10&""'"")))"),"#N/A") -> #N/A | G10: =IFERROR(__xludf.DUMMYFUNCTION("IF(A10="""","""",IMAGE(QUERY('Deck Info'!A:F,""SELECT E WHERE A = '""&B10&""' AND B = '""&C10&""'"")))"),"#N/A") -> #N/A | H10: =IFERROR(__xludf.DUMMYFUNCTION("IF(A10="""","""",IMAGE(QUERY('Deck Info'!A:F,""SELECT F WHERE A = '""&B10&""' AND B = '""&C10&""'"")))"),"#N/A") -> #N/A | I10: =IFERROR(__xludf.DUMMYFUNCTION("""COMPUTED_VALUE"""),"AC5") -> AC5 | J10: =IFERROR(__xludf.DUMMYFUNCTION("""COMPUTED_VALUE"""),"NIK") -> NIK | K10: =IFERROR(__xludf.DUMMYFUNCTION("""COMPUTED_VALUE"""),"Door Standby") -> Door Standby | L10: =IFERROR(__xludf.DUMMYFUNCTION("""COMPUTED_VALUE"""),2.0) -> 2 | M10: =IFERROR(__xludf.DUMMYFUNCTION("""COMPUTED_VALUE"""),2.0) -> 2 | N10: =IFERROR(__xludf.DUMMYFUNCTION("IF(I10="""","""",IMAGE(QUERY('Deck Info'!A:F,""SELECT D WHERE A = '""&J10&""' AND B = '""&K10&""'"")))"),"") | O10: =IFERROR(__xludf.DUMMYFUNCTION("IF(I10="""","""",IMAGE(QUERY('Deck Info'!A:F,""SELECT E WHERE A = '""&J10&""' AND B = '""&K10&""'"")))"),"") | P10: =IFERROR(__xludf.DUMMYFUNCTION("IF(I10="""","""",IMAGE(QUERY('Deck Info'!A:F,""SELECT F WHERE A = '""&J10&""' AND B = '""&K10&""'"")))"),"") | V10: =IFERROR(__xludf.DUMMYFUNCTION("IF(Q10="""","""",IMAGE(QUERY('Deck Info'!A:F,""SELECT D WHERE A = '""&R10&""' AND B = '""&S10&""'"")))"),"") | W10: =IFERROR(__xludf.DUMMYFUNCTION("IF(Q10="""","""",IMAGE(QUERY('Deck Info'!A:F,""SELECT E WHERE A = '""&R10&""' AND B = '""&S10&""'"")))"),"") | X10: =IFERROR(__xludf.DUMMYFUNCTION("IF(Q10="""","""",IMAGE(QUERY('Deck Info'!A:F,""SELECT F WHERE A = '""&R10&""' AND B = '""&S10&""'"")))"),"") | AD10: =IFERROR(__xludf.DUMMYFUNCTION("IF(Y10="""","""",IMAGE(QUERY('Deck Info'!A:F,""SELECT D WHERE A = '""&Z10&""' AND B = '""&AA10&""'"")))"),"") | AE10: =IFERROR(__xludf.DUMMYFUNCTION("IF(Y10="""","""",IMAGE(QUERY('Deck Info'!A:F,""SELECT E WHERE A = '""&Z10&""' AND B = '""&AA10&""'"")))"),"") | AF10: =IFERROR(__xludf.DUMMYFUNCTION("IF(Y10="""","""",IMAGE(QUERY('Deck Info'!A:F,""SELECT F WHERE A = '""&Z10&""' AND B = '""&AA10&""'"")))"),"") | AL10: =IFERROR(__xludf.DUMMYFUNCTION("IF(AG10="""","""",IMAGE(QUERY('Deck Info'!A:F,""SELECT D WHERE A = '""&AH10&""' AND B = '""&AI10&""'"")))"),"") | AM10: =IFERROR(__xludf.DUMMYFUNCTION("IF(AG10="""","""",IMAGE(QUERY('Deck Info'!A:F,""SELECT E WHERE A = '""&AH10&""' AND B = '""&AI10&""'"")))"),"") | AN10: =IFERROR(__xludf.DUMMYFUNCTION("IF(AG10="""","""",IMAGE(QUERY('Deck Info'!A:F,""SELECT F WHERE A = '""&AH10&""' AND B = '""&AI10&""'"")))"),"")
A11: =IFERROR(__xludf.DUMMYFUNCTION("""COMPUTED_VALUE"""),"Jose Sev") -> Jose Sev | B11: =IFERROR(__xludf.DUMMYFUNCTION("""COMPUTED_VALUE"""),"EIS") -> EIS | C11: =IFERROR(__xludf.DUMMYFUNCTION("""COMPUTED_VALUE"""),"StockSoul Bar") -> StockSoul Bar | D11: =IFERROR(__xludf.DUMMYFUNCTION("""COMPUTED_VALUE"""),1.0) -> 1 | E11: =IFERROR(__xludf.DUMMYFUNCTION("""COMPUTED_VALUE"""),3.0) -> 3 | F11: =IFERROR(__xludf.DUMMYFUNCTION("IF(A11="""","""",IMAGE(QUERY('Deck Info'!A:F,""SELECT D WHERE A = '""&B11&""' AND B = '""&C11&""'"")))"),"#N/A") -> #N/A | G11: =IFERROR(__xludf.DUMMYFUNCTION("IF(A11="""","""",IMAGE(QUERY('Deck Info'!A:F,""SELECT E WHERE A = '""&B11&""' AND B = '""&C11&""'"")))"),"#N/A") -> #N/A | H11: =IFERROR(__xludf.DUMMYFUNCTION("IF(A11="""","""",IMAGE(QUERY('Deck Info'!A:F,""SELECT F WHERE A = '""&B11&""' AND B = '""&C11&""'"")))"),"#N/A") -> #N/A | I11: =IFERROR(__xludf.DUMMYFUNCTION("""COMPUTED_VALUE"""),"Agus") -> Agus | J11: =IFERROR(__xludf.DUMMYFUNCTION("""COMPUTED_VALUE"""),"DAL") -> DAL | K11: =IFERROR(__xludf.DUMMYFUNCTION("""COMPUTED_VALUE"""),"8 Standby") -> 8 Standby | L11: =IFERROR(__xludf.DUMMYFUNCTION("""COMPUTED_VALUE"""),2.0) -> 2 | M11: =IFERROR(__xludf.DUMMYFUNCTION("""COMPUTED_VALUE"""),2.0) -> 2 | N11: =IFERROR(__xludf.DUMMYFUNCTION("IF(I11="""","""",IMAGE(QUERY('Deck Info'!A:F,""SELECT D WHERE A = '""&J11&""' AND B = '""&K11&""'"")))"),"") | O11: =IFERROR(__xludf.DUMMYFUNCTION("IF(I11="""","""",IMAGE(QUERY('Deck Info'!A:F,""SELECT E WHERE A = '""&J11&""' AND B = '""&K11&""'"")))"),"") | P11: =IFERROR(__xludf.DUMMYFUNCTION("IF(I11="""","""",IMAGE(QUERY('Deck Info'!A:F,""SELECT F WHERE A = '""&J11&""' AND B = '""&K11&""'"")))"),"") | V11: =IFERROR(__xludf.DUMMYFUNCTION("IF(Q11="""","""",IMAGE(QUERY('Deck Info'!A:F,""SELECT D WHERE A = '""&R11&""' AND B = '""&S11&""'"")))"),"") | W11: =IFERROR(__xludf.DUMMYFUNCTION("IF(Q11="""","""",IMAGE(QUERY('Deck Info'!A:F,""SELECT E WHERE A = '""&R11&""' AND B = '""&S11&""'"")))"),"") | X11: =IFERROR(__xludf.DUMMYFUNCTION("IF(Q11="""","""",IMAGE(QUERY('Deck Info'!A:F,""SELECT F WHERE A = '""&R11&""' AND B = '""&S11&""'"")))"),"") | AD11: =IFERROR(__xludf.DUMMYFUNCTION("IF(Y11="""","""",IMAGE(QUERY('Deck Info'!A:F,""SELECT D WHERE A = '""&Z11&""' AND B = '""&AA11&""'"")))"),"") | AE11: =IFERROR(__xludf.DUMMYFUNCTION("IF(Y11="""","""",IMAGE(QUERY('Deck Info'!A:F,""SELECT E WHERE A = '""&Z11&""' AND B = '""&AA11&""'"")))"),"") | AF11: =IFERROR(__xludf.DUMMYFUNCTION("IF(Y11="""","""",IMAGE(QUERY('Deck Info'!A:F,""SELECT F WHERE A = '""&Z11&""' AND B = '""&AA11&""'"")))"),"") | AL11: =IFERROR(__xludf.DUMMYFUNCTION("IF(AG11="""","""",IMAGE(QUERY('Deck Info'!A:F,""SELECT D WHERE A = '""&AH11&""' AND B = '""&AI11&""'"")))"),"") | AM11: =IFERROR(__xludf.DUMMYFUNCTION("IF(AG11="""","""",IMAGE(QUERY('Deck Info'!A:F,""SELECT E WHERE A = '""&AH11&""' AND B = '""&AI11&""'"")))"),"") | AN11: =IFERROR(__xludf.DUMMYFUNCTION("IF(AG11="""","""",IMAGE(QUERY('Deck Info'!A:F,""SELECT F WHERE A = '""&AH11&""' AND B = '""&AI11&""'"")))"),"")
A12: =IFERROR(__xludf.DUMMYFUNCTION("""COMPUTED_VALUE"""),"JustFluffy") -> JustFluffy | B12: =IFERROR(__xludf.DUMMYFUNCTION("""COMPUTED_VALUE"""),"BAV") -> BAV | C12: =IFERROR(__xludf.DUMMYFUNCTION("""COMPUTED_VALUE"""),"Izuna Hifumi") -> Izuna Hifumi | D12: =IFERROR(__xludf.DUMMYFUNCTION("""COMPUTED_VALUE"""),1.0) -> 1 | E12: =IFERROR(__xludf.DUMMYFUNCTION("""COMPUTED_VALUE"""),3.0) -> 3 | F12: =IFERROR(__xludf.DUMMYFUNCTION("IF(A12="""","""",IMAGE(QUERY('Deck Info'!A:F,""SELECT D WHERE A = '""&B12&""' AND B = '""&C12&""'"")))"),"") | G12: =IFERROR(__xludf.DUMMYFUNCTION("IF(A12="""","""",IMAGE(QUERY('Deck Info'!A:F,""SELECT E WHERE A = '""&B12&""' AND B = '""&C12&""'"")))"),"") | H12: =IFERROR(__xludf.DUMMYFUNCTION("IF(A12="""","""",IMAGE(QUERY('Deck Info'!A:F,""SELECT F WHERE A = '""&B12&""' AND B = '""&C12&""'"")))"),"") | I12: =IFERROR(__xludf.DUMMYFUNCTION("""COMPUTED_VALUE"""),"STARK") -> STARK | J12: =IFERROR(__xludf.DUMMYFUNCTION("""COMPUTED_VALUE"""),"OVL") -> OVL | K12: =IFERROR(__xludf.DUMMYFUNCTION("""COMPUTED_VALUE"""),"8 Door") -> 8 Door | L12: =IFERROR(__xludf.DUMMYFUNCTION("""COMPUTED_VALUE"""),2.0) -> 2 | M12: =IFERROR(__xludf.DUMMYFUNCTION("""COMPUTED_VALUE"""),2.0) -> 2 | N12: =IFERROR(__xludf.DUMMYFUNCTION("IF(I12="""","""",IMAGE(QUERY('Deck Info'!A:F,""SELECT D WHERE A = '""&J12&""' AND B = '""&K12&""'"")))"),"") | O12: =IFERROR(__xludf.DUMMYFUNCTION("IF(I12="""","""",IMAGE(QUERY('Deck Info'!A:F,""SELECT E WHERE A = '""&J12&""' AND B = '""&K12&""'"")))"),"") | P12: =IFERROR(__xludf.DUMMYFUNCTION("IF(I12="""","""",IMAGE(QUERY('Deck Info'!A:F,""SELECT F WHERE A = '""&J12&""' AND B = '""&K12&""'"")))"),"") | V12: =IFERROR(__xludf.DUMMYFUNCTION("IF(Q12="""","""",IMAGE(QUERY('Deck Info'!A:F,""SELECT D WHERE A = '""&R12&""' AND B = '""&S12&""'"")))"),"") | W12: =IFERROR(__xludf.DUMMYFUNCTION("IF(Q12="""","""",IMAGE(QUERY('Deck Info'!A:F,""SELECT E WHERE A = '""&R12&""' AND B = '""&S12&""'"")))"),"") | X12: =IFERROR(__xludf.DUMMYFUNCTION("IF(Q12="""","""",IMAGE(QUERY('Deck Info'!A:F,""SELECT F WHERE A = '""&R12&""' AND B = '""&S12&""'"")))"),"") | AD12: =IFERROR(__xludf.DUMMYFUNCTION("IF(Y12="""","""",IMAGE(QUERY('Deck Info'!A:F,""SELECT D WHERE A = '""&Z12&""' AND B = '""&AA12&""'"")))"),"") | AE12: =IFERROR(__xludf.DUMMYFUNCTION("IF(Y12="""","""",IMAGE(QUERY('Deck Info'!A:F,""SELECT E WHERE A = '""&Z12&""' AND B = '""&AA12&""'"")))"),"") | AF12: =IFERROR(__xludf.DUMMYFUNCTION("IF(Y12="""","""",IMAGE(QUERY('Deck Info'!A:F,""SELECT F WHERE A = '""&Z12&""' AND B = '""&AA12&""'"")))"),"") | AL12: =IFERROR(__xludf.DUMMYFUNCTION("IF(AG12="""","""",IMAGE(QUERY('Deck Info'!A:F,""SELECT D WHERE A = '""&AH12&""' AND B = '""&AI12&""'"")))"),"") | AM12: =IFERROR(__xludf.DUMMYFUNCTION("IF(AG12="""","""",IMAGE(QUERY('Deck Info'!A:F,""SELECT E WHERE A = '""&AH12&""' AND B = '""&AI12&""'"")))"),"") | AN12: =IFERROR(__xludf.DUMMYFUNCTION("IF(AG12="""","""",IMAGE(QUERY('Deck Info'!A:F,""SELECT F WHERE A = '""&AH12&""' AND B = '""&AI12&""'"")))"),"")
A13: =IFERROR(__xludf.DUMMYFUNCTION("""COMPUTED_VALUE"""),"AC5") -> AC5 | B13: =IFERROR(__xludf.DUMMYFUNCTION("""COMPUTED_VALUE"""),"NIK") -> NIK | C13: =IFERROR(__xludf.DUMMYFUNCTION("""COMPUTED_VALUE"""),"Door Standby") -> Door Standby | D13: =IFERROR(__xludf.DUMMYFUNCTION("""COMPUTED_VALUE"""),1.0) -> 1 | E13: =IFERROR(__xludf.DUMMYFUNCTION("""COMPUTED_VALUE"""),3.0) -> 3 | F13: =IFERROR(__xludf.DUMMYFUNCTION("IF(A13="""","""",IMAGE(QUERY('Deck Info'!A:F,""SELECT D WHERE A = '""&B13&""' AND B = '""&C13&""'"")))"),"") | G13: =IFERROR(__xludf.DUMMYFUNCTION("IF(A13="""","""",IMAGE(QUERY('Deck Info'!A:F,""SELECT E WHERE A = '""&B13&""' AND B = '""&C13&""'"")))"),"") | H13: =IFERROR(__xludf.DUMMYFUNCTION("IF(A13="""","""",IMAGE(QUERY('Deck Info'!A:F,""SELECT F WHERE A = '""&B13&""' AND B = '""&C13&""'"")))"),"") | I13: =IFERROR(__xludf.DUMMYFUNCTION("""COMPUTED_VALUE"""),"Hachi") -> Hachi | J13: =IFERROR(__xludf.DUMMYFUNCTION("""COMPUTED_VALUE"""),"MM") -> MM | K13: =IFERROR(__xludf.DUMMYFUNCTION("""COMPUTED_VALUE"""),"StockSoul Door") -> StockSoul Door | L13: =IFERROR(__xludf.DUMMYFUNCTION("""COMPUTED_VALUE"""),2.0) -> 2 | M13: =IFERROR(__xludf.DUMMYFUNCTION("""COMPUTED_VALUE"""),2.0) -> 2 | N13: =IFERROR(__xludf.DUMMYFUNCTION("IF(I13="""","""",IMAGE(QUERY('Deck Info'!A:F,""SELECT D WHERE A = '""&J13&""' AND B = '""&K13&""'"")))"),"#N/A") -> #N/A | O13: =IFERROR(__xludf.DUMMYFUNCTION("IF(I13="""","""",IMAGE(QUERY('Deck Info'!A:F,""SELECT E WHERE A = '""&J13&""' AND B = '""&K13&""'"")))"),"#N/A") -> #N/A | P13: =IFERROR(__xludf.DUMMYFUNCTION("IF(I13="""","""",IMAGE(QUERY('Deck Info'!A:F,""SELECT F WHERE A = '""&J13&""' AND B = '""&K13&""'"")))"),"#N/A") -> #N/A | V13: =IFERROR(__xludf.DUMMYFUNCTION("IF(Q13="""","""",IMAGE(QUERY('Deck Info'!A:F,""SELECT D WHERE A = '""&R13&""' AND B = '""&S13&""'"")))"),"") | W13: =IFERROR(__xludf.DUMMYFUNCTION("IF(Q13="""","""",IMAGE(QUERY('Deck Info'!A:F,""SELECT E WHERE A = '""&R13&""' AND B = '""&S13&""'"")))"),"") | X13: =IFERROR(__xludf.DUMMYFUNCTION("IF(Q13="""","""",IMAGE(QUERY('Deck Info'!A:F,""SELECT F WHERE A = '""&R13&""' AND B = '""&S13&""'"")))"),"") | AD13: =IFERROR(__xludf.DUMMYFUNCTION("IF(Y13="""","""",IMAGE(QUERY('Deck Info'!A:F,""SELECT D WHERE A = '""&Z13&""' AND B = '""&AA13&""'"")))"),"") | AE13: =IFERROR(__xludf.DUMMYFUNCTION("IF(Y13="""","""",IMAGE(QUERY('Deck Info'!A:F,""SELECT E WHERE A = '""&Z13&""' AND B = '""&AA13&""'"")))"),"") | AF13: =IFERROR(__xludf.DUMMYFUNCTION("IF(Y13="""","""",IMAGE(QUERY('Deck Info'!A:F,""SELECT F WHERE A = '""&Z13&""' AND B = '""&AA13&""'"")))"),"") | AL13: =IFERROR(__xludf.DUMMYFUNCTION("IF(AG13="""","""",IMAGE(QUERY('Deck Info'!A:F,""SELECT D WHERE A = '""&AH13&""' AND B = '""&AI13&""'"")))"),"") | AM13: =IFERROR(__xludf.DUMMYFUNCTION("IF(AG13="""","""",IMAGE(QUERY('Deck Info'!A:F,""SELECT E WHERE A = '""&AH13&""' AND B = '""&AI13&""'"")))"),"") | AN13: =IFERROR(__xludf.DUMMYFUNCTION("IF(AG13="""","""",IMAGE(QUERY('Deck Info'!A:F,""SELECT F WHERE A = '""&AH13&""' AND B = '""&AI13&""'"")))"),"")
A14: =IFERROR(__xludf.DUMMYFUNCTION("""COMPUTED_VALUE"""),"YoniTheRobot") -> YoniTheRobot | D14: =IFERROR(__xludf.DUMMYFUNCTION("""COMPUTED_VALUE"""),0.0) -> 0 | E14: =IFERROR(__xludf.DUMMYFUNCTION("""COMPUTED_VALUE"""),4.0) -> 4 | F14: =IFERROR(__xludf.DUMMYFUNCTION("IF(A14="""","""",IMAGE(QUERY('Deck Info'!A:F,""SELECT D WHERE A = '""&B14&""' AND B = '""&C14&""'"")))"),"") | G14: =IFERROR(__xludf.DUMMYFUNCTION("IF(A14="""","""",IMAGE(QUERY('Deck Info'!A:F,""SELECT E WHERE A = '""&B14&""' AND B = '""&C14&""'"")))"),"") | H14: =IFERROR(__xludf.DUMMYFUNCTION("IF(A14="""","""",IMAGE(QUERY('Deck Info'!A:F,""SELECT F WHERE A = '""&B14&""' AND B = '""&C14&""'"")))"),"") | I14: =IFERROR(__xludf.DUMMYFUNCTION("""COMPUTED_VALUE"""),"Kururu") -> Kururu | J14: =IFERROR(__xludf.DUMMYFUNCTION("""COMPUTED_VALUE"""),"MDE") -> MDE | K14: =IFERROR(__xludf.DUMMYFUNCTION("""COMPUTED_VALUE"""),"Link") -> Link | L14: =IFERROR(__xludf.DUMMYFUNCTION("""COMPUTED_VALUE"""),1.0) -> 1 | M14: =IFERROR(__xludf.DUMMYFUNCTION("""COMPUTED_VALUE"""),3.0) -> 3 | N14: =IFERROR(__xludf.DUMMYFUNCTION("IF(I14="""","""",IMAGE(QUERY('Deck Info'!A:F,""SELECT D WHERE A = '""&J14&""' AND B = '""&K14&""'"")))"),"") | O14: =IFERROR(__xludf.DUMMYFUNCTION("IF(I14="""","""",IMAGE(QUERY('Deck Info'!A:F,""SELECT E WHERE A = '""&J14&""' AND B = '""&K14&""'"")))"),"") | P14: =IFERROR(__xludf.DUMMYFUNCTION("IF(I14="""","""",IMAGE(QUERY('Deck Info'!A:F,""SELECT F WHERE A = '""&J14&""' AND B = '""&K14&""'"")))"),"") | V14: =IFERROR(__xludf.DUMMYFUNCTION("IF(Q14="""","""",IMAGE(QUERY('Deck Info'!A:F,""SELECT D WHERE A = '""&R14&""' AND B = '""&S14&""'"")))"),"") | W14: =IFERROR(__xludf.DUMMYFUNCTION("IF(Q14="""","""",IMAGE(QUERY('Deck Info'!A:F,""SELECT E WHERE A = '""&R14&""' AND B = '""&S14&""'"")))"),"") | X14: =IFERROR(__xludf.DUMMYFUNCTION("IF(Q14="""","""",IMAGE(QUERY('Deck Info'!A:F,""SELECT F WHERE A = '""&R14&""' AND B = '""&S14&""'"")))"),"") | AD14: =IFERROR(__xludf.DUMMYFUNCTION("IF(Y14="""","""",IMAGE(QUERY('Deck Info'!A:F,""SELECT D WHERE A = '""&Z14&""' AND B = '""&AA14&""'"")))"),"") | AE14: =IFERROR(__xludf.DUMMYFUNCTION("IF(Y14="""","""",IMAGE(QUERY('Deck Info'!A:F,""SELECT E WHERE A = '""&Z14&""' AND B = '""&AA14&""'"")))"),"") | AF14: =IFERROR(__xludf.DUMMYFUNCTION("IF(Y14="""","""",IMAGE(QUERY('Deck Info'!A:F,""SELECT F WHERE A = '""&Z14&""' AND B = '""&AA14&""'"")))"),"") | AL14: =IFERROR(__xludf.DUMMYFUNCTION("IF(AG14="""","""",IMAGE(QUERY('Deck Info'!A:F,""SELECT D WHERE A = '""&AH14&""' AND B = '""&AI14&""'"")))"),"") | AM14: =IFERROR(__xludf.DUMMYFUNCTION("IF(AG14="""","""",IMAGE(QUERY('Deck Info'!A:F,""SELECT E WHERE A = '""&AH14&""' AND B = '""&AI14&""'"")))"),"") | AN14: =IFERROR(__xludf.DUMMYFUNCTION("IF(AG14="""","""",IMAGE(QUERY('Deck Info'!A:F,""SELECT F WHERE A = '""&AH14&""' AND B = '""&AI14&""'"")))"),"")
F15: =IFERROR(__xludf.DUMMYFUNCTION("IF(A15="""","""",IMAGE(QUERY('Deck Info'!A:F,""SELECT D WHERE A = '""&B15&""' AND B = '""&C15&""'"")))"),"") | G15: =IFERROR(__xludf.DUMMYFUNCTION("IF(A15="""","""",IMAGE(QUERY('Deck Info'!A:F,""SELECT E WHERE A = '""&B15&""' AND B = '""&C15&""'"")))"),"") | H15: =IFERROR(__xludf.DUMMYFUNCTION("IF(A15="""","""",IMAGE(QUERY('Deck Info'!A:F,""SELECT F WHERE A = '""&B15&""' AND B = '""&C15&""'"")))"),"") | I15: =IFERROR(__xludf.DUMMYFUNCTION("""COMPUTED_VALUE"""),"SoulQualia") -> SoulQualia | J15: =IFERROR(__xludf.DUMMYFUNCTION("""COMPUTED_VALUE"""),"EIS") -> EIS | K15: =IFERROR(__xludf.DUMMYFUNCTION("""COMPUTED_VALUE"""),"8 Standby") -> 8 Standby | L15: =IFERROR(__xludf.DUMMYFUNCTION("""COMPUTED_VALUE"""),1.0) -> 1 | M15: =IFERROR(__xludf.DUMMYFUNCTION("""COMPUTED_VALUE"""),3.0) -> 3 | N15: =IFERROR(__xludf.DUMMYFUNCTION("IF(I15="""","""",IMAGE(QUERY('Deck Info'!A:F,""SELECT D WHERE A = '""&J15&""' AND B = '""&K15&""'"")))"),"") | O15: =IFERROR(__xludf.DUMMYFUNCTION("IF(I15="""","""",IMAGE(QUERY('Deck Info'!A:F,""SELECT E WHERE A = '""&J15&""' AND B = '""&K15&""'"")))"),"") | P15: =IFERROR(__xludf.DUMMYFUNCTION("IF(I15="""","""",IMAGE(QUERY('Deck Info'!A:F,""SELECT F WHERE A = '""&J15&""' AND B = '""&K15&""'"")))"),"") | V15: =IFERROR(__xludf.DUMMYFUNCTION("IF(Q15="""","""",IMAGE(QUERY('Deck Info'!A:F,""SELECT D WHERE A = '""&R15&""' AND B = '""&S15&""'"")))"),"") | W15: =IFERROR(__xludf.DUMMYFUNCTION("IF(Q15="""","""",IMAGE(QUERY('Deck Info'!A:F,""SELECT E WHERE A = '""&R15&""' AND B = '""&S15&""'"")))"),"") | X15: =IFERROR(__xludf.DUMMYFUNCTION("IF(Q15="""","""",IMAGE(QUERY('Deck Info'!A:F,""SELECT F WHERE A = '""&R15&""' AND B = '""&S15&""'"")))"),"") | AD15: =IFERROR(__xludf.DUMMYFUNCTION("IF(Y15="""","""",IMAGE(QUERY('Deck Info'!A:F,""SELECT D WHERE A = '""&Z15&""' AND B = '""&AA15&""'"")))"),"") | AE15: =IFERROR(__xludf.DUMMYFUNCTION("IF(Y15="""","""",IMAGE(QUERY('Deck Info'!A:F,""SELECT E WHERE A = '""&Z15&""' AND B = '""&AA15&""'"")))"),"") | AF15: =IFERROR(__xludf.DUMMYFUNCTION("IF(Y15="""","""",IMAGE(QUERY('Deck Info'!A:F,""SELECT F WHERE A = '""&Z15&""' AND B = '""&AA15&""'"")))"),"") | AL15: =IFERROR(__xludf.DUMMYFUNCTION("IF(AG15="""","""",IMAGE(QUERY('Deck Info'!I:N,""SELECT D WHERE A = '""&AH15&""' AND B = '""&AI15&""'"")))"),"") | AM15: =IFERROR(__xludf.DUMMYFUNCTION("IF(AG15="""","""",IMAGE(QUERY('Deck Info'!I:N,""SELECT E WHERE A = '""&AH15&""' AND B = '""&AI15&""'"")))"),"") | AN15: =IFERROR(__xludf.DUMMYFUNCTION("IF(AG15="""","""",IMAGE(QUERY('Deck Info'!I:N,""SELECT F WHERE A = '""&AH15&""' AND B = '""&AI15&""'"")))"),"")
F16: =IFERROR(__xludf.DUMMYFUNCTION("IF(A16="""","""",IMAGE(QUERY('Deck Info'!A:F,""SELECT D WHERE A = '""&B16&""' AND B = '""&C16&""'"")))"),"") | G16: =IFERROR(__xludf.DUMMYFUNCTION("IF(A16="""","""",IMAGE(QUERY('Deck Info'!A:F,""SELECT E WHERE A = '""&B16&""' AND B = '""&C16&""'"")))"),"") | H16: =IFERROR(__xludf.DUMMYFUNCTION("IF(A16="""","""",IMAGE(QUERY('Deck Info'!A:F,""SELECT F WHERE A = '""&B16&""' AND B = '""&C16&""'"")))"),"") | I16: =IFERROR(__xludf.DUMMYFUNCTION("""COMPUTED_VALUE"""),"Kartoffel") -> Kartoffel | J16: =IFERROR(__xludf.DUMMYFUNCTION("""COMPUTED_VALUE"""),"MKI") -> MKI | K16: =IFERROR(__xludf.DUMMYFUNCTION("""COMPUTED_VALUE"""),"8 Door") -> 8 Door | L16: =IFERROR(__xludf.DUMMYFUNCTION("""COMPUTED_VALUE"""),1.0) -> 1 | M16: =IFERROR(__xludf.DUMMYFUNCTION("""COMPUTED_VALUE"""),3.0) -> 3 | N16: =IFERROR(__xludf.DUMMYFUNCTION("IF(I16="""","""",IMAGE(QUERY('Deck Info'!A:F,""SELECT D WHERE A = '""&J16&""' AND B = '""&K16&""'"")))"),"") | O16: =IFERROR(__xludf.DUMMYFUNCTION("IF(I16="""","""",IMAGE(QUERY('Deck Info'!A:F,""SELECT E WHERE A = '""&J16&""' AND B = '""&K16&""'"")))"),"") | P16: =IFERROR(__xludf.DUMMYFUNCTION("IF(I16="""","""",IMAGE(QUERY('Deck Info'!A:F,""SELECT F WHERE A = '""&J16&""' AND B = '""&K16&""'"")))"),"") | V16: =IFERROR(__xludf.DUMMYFUNCTION("IF(Q16="""","""",IMAGE(QUERY('Deck Info'!A:F,""SELECT D WHERE A = '""&R16&""' AND B = '""&S16&""'"")))"),"") | W16: =IFERROR(__xludf.DUMMYFUNCTION("IF(Q16="""","""",IMAGE(QUERY('Deck Info'!A:F,""SELECT E WHERE A = '""&R16&""' AND B = '""&S16&""'"")))"),"") | X16: =IFERROR(__xludf.DUMMYFUNCTION("IF(Q16="""","""",IMAGE(QUERY('Deck Info'!A:F,""SELECT F WHERE A = '""&R16&""' AND B = '""&S16&""'"")))"),"") | AD16: =IFERROR(__xludf.DUMMYFUNCTION("IF(Y16="""","""",IMAGE(QUERY('Deck Info'!A:F,""SELECT D WHERE A = '""&Z16&""' AND B = '""&AA16&""'"")))"),"") | AE16: =IFERROR(__xludf.DUMMYFUNCTION("IF(Y16="""","""",IMAGE(QUERY('Deck Info'!A:F,""SELECT E WHERE A = '""&Z16&""' AND B = '""&AA16&""'"")))"),"") | AF16: =IFERROR(__xludf.DUMMYFUNCTION("IF(Y16="""","""",IMAGE(QUERY('Deck Info'!A:F,""SELECT F WHERE A = '""&Z16&""' AND B = '""&AA16&""'"")))"),"") | AL16: =IFERROR(__xludf.DUMMYFUNCTION("IF(AG16="""","""",IMAGE(QUERY('Deck Info'!I:N,""SELECT D WHERE A = '""&AH16&""' AND B = '""&AI16&""'"")))"),"") | AM16: =IFERROR(__xludf.DUMMYFUNCTION("IF(AG16="""","""",IMAGE(QUERY('Deck Info'!I:N,""SELECT E WHERE A = '""&AH16&""' AND B = '""&AI16&""'"")))"),"") | AN16: =IFERROR(__xludf.DUMMYFUNCTION("IF(AG16="""","""",IMAGE(QUERY('Deck Info'!I:N,""SELECT F WHERE A = '""&AH16&""' AND B = '""&AI16&""'"")))"),"")
F17: =IFERROR(__xludf.DUMMYFUNCTION("IF(A17="""","""",IMAGE(QUERY('Deck Info'!A:F,""SELECT D WHERE A = '""&B17&""' AND B = '""&C17&""'"")))"),"") | G17: =IFERROR(__xludf.DUMMYFUNCTION("IF(A17="""","""",IMAGE(QUERY('Deck Info'!A:F,""SELECT E WHERE A = '""&B17&""' AND B = '""&C17&""'"")))"),"") | H17: =IFERROR(__xludf.DUMMYFUNCTION("IF(A17="""","""",IMAGE(QUERY('Deck Info'!A:F,""SELECT F WHERE A = '""&B17&""' AND B = '""&C17&""'"")))"),"") | I17: =IFERROR(__xludf.DUMMYFUNCTION("""COMPUTED_VALUE"""),"Alcruz23") -> Alcruz23 | J17: =IFERROR(__xludf.DUMMYFUNCTION("""COMPUTED_VALUE"""),"PJS") -> PJS | K17: =IFERROR(__xludf.DUMMYFUNCTION("""COMPUTED_VALUE"""),"8 Bar") -> 8 Bar | L17: =IFERROR(__xludf.DUMMYFUNCTION("""COMPUTED_VALUE"""),0.0) -> 0 | M17: =IFERROR(__xludf.DUMMYFUNCTION("""COMPUTED_VALUE"""),4.0) -> 4 | N17: =IFERROR(__xludf.DUMMYFUNCTION("IF(I17="""","""",IMAGE(QUERY('Deck Info'!A:F,""SELECT D WHERE A = '""&J17&""' AND B = '""&K17&""'"")))"),"") | O17: =IFERROR(__xludf.DUMMYFUNCTION("IF(I17="""","""",IMAGE(QUERY('Deck Info'!A:F,""SELECT E WHERE A = '""&J17&""' AND B = '""&K17&""'"")))"),"") | P17: =IFERROR(__xludf.DUMMYFUNCTION("IF(I17="""","""",IMAGE(QUERY('Deck Info'!A:F,""SELECT F WHERE A = '""&J17&""' AND B = '""&K17&""'"")))"),"") | V17: =IFERROR(__xludf.DUMMYFUNCTION("IF(Q17="""","""",IMAGE(QUERY('Deck Info'!A:F,""SELECT D WHERE A = '""&R17&""' AND B = '""&S17&""'"")))"),"") | W17: =IFERROR(__xludf.DUMMYFUNCTION("IF(Q17="""","""",IMAGE(QUERY('Deck Info'!A:F,""SELECT E WHERE A = '""&R17&""' AND B = '""&S17&""'"")))"),"") | X17: =IFERROR(__xludf.DUMMYFUNCTION("IF(Q17="""","""",IMAGE(QUERY('Deck Info'!A:F,""SELECT F WHERE A = '""&R17&""' AND B = '""&S17&""'"")))"),"") | AD17: =IFERROR(__xludf.DUMMYFUNCTION("IF(Y17="""","""",IMAGE(QUERY('Deck Info'!A:F,""SELECT D WHERE A = '""&Z17&""' AND B = '""&AA17&""'"")))"),"") | AE17: =IFERROR(__xludf.DUMMYFUNCTION("IF(Y17="""","""",IMAGE(QUERY('Deck Info'!A:F,""SELECT E WHERE A = '""&Z17&""' AND B = '""&AA17&""'"")))"),"") | AF17: =IFERROR(__xludf.DUMMYFUNCTION("IF(Y17="""","""",IMAGE(QUERY('Deck Info'!A:F,""SELECT F WHERE A = '""&Z17&""' AND B = '""&AA17&""'"")))"),"") | AL17: =IFERROR(__xludf.DUMMYFUNCTION("IF(AG17="""","""",IMAGE(QUERY('Deck Info'!I:N,""SELECT D WHERE A = '""&AH17&""' AND B = '""&AI17&""'"")))"),"") | AM17: =IFERROR(__xludf.DUMMYFUNCTION("IF(AG17="""","""",IMAGE(QUERY('Deck Info'!I:N,""SELECT E WHERE A = '""&AH17&""' AND B = '""&AI17&""'"")))"),"") | AN17: =IFERROR(__xludf.DUMMYFUNCTION("IF(AG17="""","""",IMAGE(QUERY('Deck Info'!I:N,""SELECT F WHERE A = '""&AH17&""' AND B = '""&AI17&""'"")))"),"")
F18: =IFERROR(__xludf.DUMMYFUNCTION("IF(A18="""","""",IMAGE(QUERY('Deck Info'!A:F,""SELECT D WHERE A = '""&B18&""' AND B = '""&C18&""'"")))"),"") | G18: =IFERROR(__xludf.DUMMYFUNCTION("IF(A18="""","""",IMAGE(QUERY('Deck Info'!A:F,""SELECT E WHERE A = '""&B18&""' AND B = '""&C18&""'"")))"),"") | H18: =IFERROR(__xludf.DUMMYFUNCTION("IF(A18="""","""",IMAGE(QUERY('Deck Info'!A:F,""SELECT F WHERE A = '""&B18&""' AND B = '""&C18&""'"")))"),"") | N18: =IFERROR(__xludf.DUMMYFUNCTION("IF(I18="""","""",IMAGE(QUERY('Deck Info'!A:F,""SELECT D WHERE A = '""&J18&""' AND B = '""&K18&""'"")))"),"") | O18: =IFERROR(__xludf.DUMMYFUNCTION("IF(I18="""","""",IMAGE(QUERY('Deck Info'!A:F,""SELECT E WHERE A = '""&J18&""' AND B = '""&K18&""'"")))"),"") | P18: =IFERROR(__xludf.DUMMYFUNCTION("IF(I18="""","""",IMAGE(QUERY('Deck Info'!A:F,""SELECT F WHERE A = '""&J18&""' AND B = '""&K18&""'"")))"),"") | V18: =IFERROR(__xludf.DUMMYFUNCTION("IF(Q18="""","""",IMAGE(QUERY('Deck Info'!A:F,""SELECT D WHERE A = '""&R18&""' AND B = '""&S18&""'"")))"),"") | W18: =IFERROR(__xludf.DUMMYFUNCTION("IF(Q18="""","""",IMAGE(QUERY('Deck Info'!A:F,""SELECT E WHERE A = '""&R18&""' AND B = '""&S18&""'"")))"),"") | X18: =IFERROR(__xludf.DUMMYFUNCTION("IF(Q18="""","""",IMAGE(QUERY('Deck Info'!A:F,""SELECT F WHERE A = '""&R18&""' AND B = '""&S18&""'"")))"),"") | AD18: =IFERROR(__xludf.DUMMYFUNCTION("IF(Y18="""","""",IMAGE(QUERY('Deck Info'!A:F,""SELECT D WHERE A = '""&Z18&""' AND B = '""&AA18&""'"")))"),"") | AE18: =IFERROR(__xludf.DUMMYFUNCTION("IF(Y18="""","""",IMAGE(QUERY('Deck Info'!A:F,""SELECT E WHERE A = '""&Z18&""' AND B = '""&AA18&""'"")))"),"") | AF18: =IFERROR(__xludf.DUMMYFUNCTION("IF(Y18="""","""",IMAGE(QUERY('Deck Info'!A:F,""SELECT F WHERE A = '""&Z18&""' AND B = '""&AA18&""'"")))"),"") | AL18: =IFERROR(__xludf.DUMMYFUNCTION("IF(AG18="""","""",IMAGE(QUERY('Deck Info'!I:N,""SELECT D WHERE A = '""&AH18&""' AND B = '""&AI18&""'"")))"),"") | AM18: =IFERROR(__xludf.DUMMYFUNCTION("IF(AG18="""","""",IMAGE(QUERY('Deck Info'!I:N,""SELECT E WHERE A = '""&AH18&""' AND B = '""&AI18&""'"")))"),"") | AN18: =IFERROR(__xludf.DUMMYFUNCTION("IF(AG18="""","""",IMAGE(QUERY('Deck Info'!I:N,""SELECT F WHERE A = '""&AH18&""' AND B = '""&AI18&""'"")))"),"")
N19: =IFERROR(__xludf.DUMMYFUNCTION("IF(I19="""","""",IMAGE(QUERY('Deck Info'!A:F,""SELECT D WHERE A = '""&J19&""' AND B = '""&K19&""'"")))"),"") | O19: =IFERROR(__xludf.DUMMYFUNCTION("IF(I19="""","""",IMAGE(QUERY('Deck Info'!A:F,""SELECT E WHERE A = '""&J19&""' AND B = '""&K19&""'"")))"),"") | P19: =IFERROR(__xludf.DUMMYFUNCTION("IF(I19="""","""",IMAGE(QUERY('Deck Info'!A:F,""SELECT F WHERE A = '""&J19&""' AND B = '""&K19&""'"")))"),"") | V19: =IFERROR(__xludf.DUMMYFUNCTION("IF(Q19="""","""",IMAGE(QUERY('Deck Info'!A:F,""SELECT D WHERE A = '""&R19&""' AND B = '""&S19&""'"")))"),"") | W19: =IFERROR(__xludf.DUMMYFUNCTION("IF(Q19="""","""",IMAGE(QUERY('Deck Info'!A:F,""SELECT E WHERE A = '""&R19&""' AND B = '""&S19&""'"")))"),"") | X19: =IFERROR(__xludf.DUMMYFUNCTION("IF(Q19="""","""",IMAGE(QUERY('Deck Info'!A:F,""SELECT F WHERE A = '""&R19&""' AND B = '""&S19&""'"")))"),"") | AD19: =IFERROR(__xludf.DUMMYFUNCTION("IF(Y19="""","""",IMAGE(QUERY('Deck Info'!A:F,""SELECT D WHERE A = '""&Z19&""' AND B = '""&AA19&""'"")))"),"") | AE19: =IFERROR(__xludf.DUMMYFUNCTION("IF(Y19="""","""",IMAGE(QUERY('Deck Info'!A:F,""SELECT E WHERE A = '""&Z19&""' AND B = '""&AA19&""'"")))"),"") | AF19: =IFERROR(__xludf.DUMMYFUNCTION("IF(Y19="""","""",IMAGE(QUERY('Deck Info'!A:F,""SELECT F WHERE A = '""&Z19&""' AND B = '""&AA19&""'"")))"),"") | AL19: =IFERROR(__xludf.DUMMYFUNCTION("IF(AG19="""","""",IMAGE(QUERY('Deck Info'!I:N,""SELECT D WHERE A = '""&AH19&""' AND B = '""&AI19&""'"")))"),"") | AM19: =IFERROR(__xludf.DUMMYFUNCTION("IF(AG19="""","""",IMAGE(QUERY('Deck Info'!I:N,""SELECT E WHERE A = '""&AH19&""' AND B = '""&AI19&""'"")))"),"") | AN19: =IFERROR(__xludf.DUMMYFUNCTION("IF(AG19="""","""",IMAGE(QUERY('Deck Info'!I:N,""SELECT F WHERE A = '""&AH19&""' AND B = '""&AI19&""'"")))"),"")
N20: =IFERROR(__xludf.DUMMYFUNCTION("IF(I20="""","""",IMAGE(QUERY('Deck Info'!A:F,""SELECT D WHERE A = '""&J20&""' AND B = '""&K20&""'"")))"),"") | O20: =IFERROR(__xludf.DUMMYFUNCTION("IF(I20="""","""",IMAGE(QUERY('Deck Info'!A:F,""SELECT E WHERE A = '""&J20&""' AND B = '""&K20&""'"")))"),"") | P20: =IFERROR(__xludf.DUMMYFUNCTION("IF(I20="""","""",IMAGE(QUERY('Deck Info'!A:F,""SELECT F WHERE A = '""&J20&""' AND B = '""&K20&""'"")))"),"") | V20: =IFERROR(__xludf.DUMMYFUNCTION("IF(Q20="""","""",IMAGE(QUERY('Deck Info'!I:N,""SELECT D WHERE A = '""&R20&""' AND B = '""&S20&""'"")))"),"") | W20: =IFERROR(__xludf.DUMMYFUNCTION("IF(Q20="""","""",IMAGE(QUERY('Deck Info'!I:N,""SELECT E WHERE A = '""&R20&""' AND B = '""&S20&""'"")))"),"") | X20: =IFERROR(__xludf.DUMMYFUNCTION("IF(Q20="""","""",IMAGE(QUERY('Deck Info'!I:N,""SELECT F WHERE A = '""&R20&""' AND B = '""&S20&""'"")))"),"") | AD20: =IFERROR(__xludf.DUMMYFUNCTION("IF(Y20="""","""",IMAGE(QUERY('Deck Info'!A:F,""SELECT D WHERE A = '""&Z20&""' AND B = '""&AA20&""'"")))"),"") | AE20: =IFERROR(__xludf.DUMMYFUNCTION("IF(Y20="""","""",IMAGE(QUERY('Deck Info'!A:F,""SELECT E WHERE A = '""&Z20&""' AND B = '""&AA20&""'"")))"),"") | AF20: =IFERROR(__xludf.DUMMYFUNCTION("IF(Y20="""","""",IMAGE(QUERY('Deck Info'!A:F,""SELECT F WHERE A = '""&Z20&""' AND B = '""&AA20&""'"")))"),"") | AL20: =IFERROR(__xludf.DUMMYFUNCTION("IF(AG20="""","""",IMAGE(QUERY('Deck Info'!I:N,""SELECT D WHERE A = '""&AH20&""' AND B = '""&AI20&""'"")))"),"") | AM20: =IFERROR(__xludf.DUMMYFUNCTION("IF(AG20="""","""",IMAGE(QUERY('Deck Info'!I:N,""SELECT E WHERE A = '""&AH20&""' AND B = '""&AI20&""'"")))"),"") | AN20: =IFERROR(__xludf.DUMMYFUNCTION("IF(AG20="""","""",IMAGE(QUERY('Deck Info'!I:N,""SELECT F WHERE A = '""&AH20&""' AND B = '""&AI20&""'"")))"),"")
N21: =IFERROR(__xludf.DUMMYFUNCTION("IF(I21="""","""",IMAGE(QUERY('Deck Info'!A:F,""SELECT D WHERE A = '""&J21&""' AND B = '""&K21&""'"")))"),"") | O21: =IFERROR(__xludf.DUMMYFUNCTION("IF(I21="""","""",IMAGE(QUERY('Deck Info'!A:F,""SELECT E WHERE A = '""&J21&""' AND B = '""&K21&""'"")))"),"") | P21: =IFERROR(__xludf.DUMMYFUNCTION("IF(I21="""","""",IMAGE(QUERY('Deck Info'!A:F,""SELECT F WHERE A = '""&J21&""' AND B = '""&K21&""'"")))"),"") | V21: =IFERROR(__xludf.DUMMYFUNCTION("IF(Q21="""","""",IMAGE(QUERY('Deck Info'!I:N,""SELECT D WHERE A = '""&R21&""' AND B = '""&S21&""'"")))"),"") | W21: =IFERROR(__xludf.DUMMYFUNCTION("IF(Q21="""","""",IMAGE(QUERY('Deck Info'!I:N,""SELECT E WHERE A = '""&R21&""' AND B = '""&S21&""'"")))"),"") | X21: =IFERROR(__xludf.DUMMYFUNCTION("IF(Q21="""","""",IMAGE(QUERY('Deck Info'!I:N,""SELECT F WHERE A = '""&R21&""' AND B = '""&S21&""'"")))"),"") | AD21: =IFERROR(__xludf.DUMMYFUNCTION("IF(Y21="""","""",IMAGE(QUERY('Deck Info'!A:F,""SELECT D WHERE A = '""&Z21&""' AND B = '""&AA21&""'"")))"),"") | AE21: =IFERROR(__xludf.DUMMYFUNCTION("IF(Y21="""","""",IMAGE(QUERY('Deck Info'!A:F,""SELECT E WHERE A = '""&Z21&""' AND B = '""&AA21&""'"")))"),"") | AF21: =IFERROR(__xludf.DUMMYFUNCTION("IF(Y21="""","""",IMAGE(QUERY('Deck Info'!A:F,""SELECT F WHERE A = '""&Z21&""' AND B = '""&AA21&""'"")))"),"") | AL21: =IFERROR(__xludf.DUMMYFUNCTION("IF(AG21="""","""",IMAGE(QUERY('Deck Info'!I:N,""SELECT D WHERE A = '""&AH21&""' AND B = '""&AI21&""'"")))"),"") | AM21: =IFERROR(__xludf.DUMMYFUNCTION("IF(AG21="""","""",IMAGE(QUERY('Deck Info'!I:N,""SELECT E WHERE A = '""&AH21&""' AND B = '""&AI21&""'"")))"),"") | AN21: =IFERROR(__xludf.DUMMYFUNCTION("IF(AG21="""","""",IMAGE(QUERY('Deck Info'!I:N,""SELECT F WHERE A = '""&AH21&""' AND B = '""&AI21&""'"")))"),"")
N22: =IFERROR(__xludf.DUMMYFUNCTION("IF(I22="""","""",IMAGE(QUERY('Deck Info'!A:F,""SELECT D WHERE A = '""&J22&""' AND B = '""&K22&""'"")))"),"") | O22: =IFERROR(__xludf.DUMMYFUNCTION("IF(I22="""","""",IMAGE(QUERY('Deck Info'!A:F,""SELECT E WHERE A = '""&J22&""' AND B = '""&K22&""'"")))"),"") | P22: =IFERROR(__xludf.DUMMYFUNCTION("IF(I22="""","""",IMAGE(QUERY('Deck Info'!A:F,""SELECT F WHERE A = '""&J22&""' AND B = '""&K22&""'"")))"),"") | V22: =IFERROR(__xludf.DUMMYFUNCTION("IF(Q22="""","""",IMAGE(QUERY('Deck Info'!I:N,""SELECT D WHERE A = '""&R22&""' AND B = '""&S22&""'"")))"),"") | W22: =IFERROR(__xludf.DUMMYFUNCTION("IF(Q22="""","""",IMAGE(QUERY('Deck Info'!I:N,""SELECT E WHERE A = '""&R22&""' AND B = '""&S22&""'"")))"),"") | X22: =IFERROR(__xludf.DUMMYFUNCTION("IF(Q22="""","""",IMAGE(QUERY('Deck Info'!I:N,""SELECT F WHERE A = '""&R22&""' AND B = '""&S22&""'"")))"),"") | AD22: =IFERROR(__xludf.DUMMYFUNCTION("IF(Y22="""","""",IMAGE(QUERY('Deck Info'!A:F,""SELECT D WHERE A = '""&Z22&""' AND B = '""&AA22&""'"")))"),"") | AE22: =IFERROR(__xludf.DUMMYFUNCTION("IF(Y22="""","""",IMAGE(QUERY('Deck Info'!A:F,""SELECT E WHERE A = '""&Z22&""' AND B = '""&AA22&""'"")))"),"") | AF22: =IFERROR(__xludf.DUMMYFUNCTION("IF(Y22="""","""",IMAGE(QUERY('Deck Info'!A:F,""SELECT F WHERE A = '""&Z22&""' AND B = '""&AA22&""'"")))"),"") | AL22: =IFERROR(__xludf.DUMMYFUNCTION("IF(AG22="""","""",IMAGE(QUERY('Deck Info'!I:N,""SELECT D WHERE A = '""&AH22&""' AND B = '""&AI22&""'"")))"),"") | AM22: =IFERROR(__xludf.DUMMYFUNCTION("IF(AG22="""","""",IMAGE(QUERY('Deck Info'!I:N,""SELECT E WHERE A = '""&AH22&""' AND B = '""&AI22&""'"")))"),"") | AN22: =IFERROR(__xludf.DUMMYFUNCTION("IF(AG22="""","""",IMAGE(QUERY('Deck Info'!I:N,""SELECT F WHERE A = '""&AH22&""' AND B = '""&AI22&""'"")))"),"")
N23: =IFERROR(__xludf.DUMMYFUNCTION("IF(I23="""","""",IMAGE(QUERY('Deck Info'!A:F,""SELECT D WHERE A = '""&J23&""' AND B = '""&K23&""'"")))"),"") | O23: =IFERROR(__xludf.DUMMYFUNCTION("IF(I23="""","""",IMAGE(QUERY('Deck Info'!A:F,""SELECT E WHERE A = '""&J23&""' AND B = '""&K23&""'"")))"),"") | P23: =IFERROR(__xludf.DUMMYFUNCTION("IF(I23="""","""",IMAGE(QUERY('Deck Info'!A:F,""SELECT F WHERE A = '""&J23&""' AND B = '""&K23&""'"")))"),"") | V23: =IFERROR(__xludf.DUMMYFUNCTION("IF(Q23="""","""",IMAGE(QUERY('Deck Info'!I:N,""SELECT D WHERE A = '""&R23&""' AND B = '""&S23&""'"")))"),"") | W23: =IFERROR(__xludf.DUMMYFUNCTION("IF(Q23="""","""",IMAGE(QUERY('Deck Info'!I:N,""SELECT E WHERE A = '""&R23&""' AND B = '""&S23&""'"")))"),"") | X23: =IFERROR(__xludf.DUMMYFUNCTION("IF(Q23="""","""",IMAGE(QUERY('Deck Info'!I:N,""SELECT F WHERE A = '""&R23&""' AND B = '""&S23&""'"")))"),"") | AD23: =IFERROR(__xludf.DUMMYFUNCTION("IF(Y23="""","""",IMAGE(QUERY('Deck Info'!Q:V,""SELECT D WHERE A = '""&Z23&""' AND B = '""&AA23&""'"")))"),"") | AE23: =IFERROR(__xludf.DUMMYFUNCTION("IF(Y23="""","""",IMAGE(QUERY('Deck Info'!Q:V,""SELECT E WHERE A = '""&Z23&""' AND B = '""&AA23&""'"")))"),"") | AF23: =IFERROR(__xludf.DUMMYFUNCTION("IF(Y23="""","""",IMAGE(QUERY('Deck Info'!Q:V,""SELECT F WHERE A = '""&Z23&""' AND B = '""&AA23&""'"")))"),"") | AL23: =IFERROR(__xludf.DUMMYFUNCTION("IF(AG23="""","""",IMAGE(QUERY('Deck Info'!Y:AD,""SELECT D WHERE A = '""&AH23&""' AND B = '""&AI23&""'"")))"),"") | AM23: =IFERROR(__xludf.DUMMYFUNCTION("IF(AG23="""","""",IMAGE(QUERY('Deck Info'!Y:AD,""SELECT E WHERE A = '""&AH23&""' AND B = '""&AI23&""'"")))"),"")
N24: =IFERROR(__xludf.DUMMYFUNCTION("IF(I24="""","""",IMAGE(QUERY('Deck Info'!A:F,""SELECT D WHERE A = '""&J24&""' AND B = '""&K24&""'"")))"),"") | O24: =IFERROR(__xludf.DUMMYFUNCTION("IF(I24="""","""",IMAGE(QUERY('Deck Info'!A:F,""SELECT E WHERE A = '""&J24&""' AND B = '""&K24&""'"")))"),"") | P24: =IFERROR(__xludf.DUMMYFUNCTION("IF(I24="""","""",IMAGE(QUERY('Deck Info'!A:F,""SELECT F WHERE A = '""&J24&""' AND B = '""&K24&""'"")))"),"") | V24: =IFERROR(__xludf.DUMMYFUNCTION("IF(Q24="""","""",IMAGE(QUERY('Deck Info'!I:N,""SELECT D WHERE A = '""&R24&""' AND B = '""&S24&""'"")))"),"") | W24: =IFERROR(__xludf.DUMMYFUNCTION("IF(Q24="""","""",IMAGE(QUERY('Deck Info'!I:N,""SELECT E WHERE A = '""&R24&""' AND B = '""&S24&""'"")))"),"") | X24: =IFERROR(__xludf.DUMMYFUNCTION("IF(Q24="""","""",IMAGE(QUERY('Deck Info'!I:N,""SELECT F WHERE A = '""&R24&""' AND B = '""&S24&""'"")))"),"") | AD24: =IFERROR(__xludf.DUMMYFUNCTION("IF(Y24="""","""",IMAGE(QUERY('Deck Info'!Q:V,""SELECT D WHERE A = '""&Z24&""' AND B = '""&AA24&""'"")))"),"") | AE24: =IFERROR(__xludf.DUMMYFUNCTION("IF(Y24="""","""",IMAGE(QUERY('Deck Info'!Q:V,""SELECT E WHERE A = '""&Z24&""' AND B = '""&AA24&""'"")))"),"") | AF24: =IFERROR(__xludf.DUMMYFUNCTION("IF(Y24="""","""",IMAGE(QUERY('Deck Info'!Q:V,""SELECT F WHERE A = '""&Z24&""' AND B = '""&AA24&""'"")))"),"") | AL24: =IFERROR(__xludf.DUMMYFUNCTION("IF(AG24="""","""",IMAGE(QUERY('Deck Info'!Y:AD,""SELECT D WHERE A = '""&AH24&""' AND B = '""&AI24&""'"")))"),"") | AM24: =IFERROR(__xludf.DUMMYFUNCTION("IF(AG24="""","""",IMAGE(QUERY('Deck Info'!Y:AD,""SELECT E WHERE A = '""&AH24&""' AND B = '""&AI24&""'"")))"),"")

Sheet TorneosMayo
A1: EMPIRE GAMES (Local) | I1: EMPIRE GAMES (WSEC) | Q1: EMPIRE GAMES (Local) | Y1: EMPIRE GAMES (WSEC) | AG1: EMPIRE GAMES
A2: 46144 | I2: 46151 | Q2: 46158 | Y2: 46165 | AG2: 46172
A3: =IFERROR(__xludf.DUMMYFUNCTION("QUERY( 'Raw Data'!B:G, ""SELECT Col2,Col3,Col4,Col5,Col6 WHERE Col1 = date '""&TEXT(A2,""yyyy-MM-dd"")&""' ORDER BY Col5 DESC LABEL Col2 'Jugador', Col3 'Set', Col4 'Arquetipo', Col5 'Wins', Col6 'Losses'"", 1 )"),"Jugador") -> Jugador | B3: =IFERROR(__xludf.DUMMYFUNCTION("""COMPUTED_VALUE"""),"Set") -> Set | C3: =IFERROR(__xludf.DUMMYFUNCTION("""COMPUTED_VALUE"""),"Arquetipo") -> Arquetipo | D3: =IFERROR(__xludf.DUMMYFUNCTION("""COMPUTED_VALUE"""),"Wins") -> Wins | E3: =IFERROR(__xludf.DUMMYFUNCTION("""COMPUTED_VALUE"""),"Losses") -> Losses | F3: Img | G3: Img | H3: Img | I3: =IFERROR(__xludf.DUMMYFUNCTION("QUERY( 'Raw Data'!B:G, ""SELECT Col2,Col3,Col4,Col5,Col6 WHERE Col1 = date '""&TEXT(I2,""yyyy-MM-dd"")&""' ORDER BY Col5 DESC LABEL Col2 'Jugador', Col3 'Set', Col4 'Arquetipo', Col5 'Wins', Col6 'Losses'"", 1 )"),"Jugador") -> Jugador | J3: =IFERROR(__xludf.DUMMYFUNCTION("""COMPUTED_VALUE"""),"Set") -> Set | K3: =IFERROR(__xludf.DUMMYFUNCTION("""COMPUTED_VALUE"""),"Arquetipo") -> Arquetipo | L3: =IFERROR(__xludf.DUMMYFUNCTION("""COMPUTED_VALUE"""),"Wins") -> Wins | M3: =IFERROR(__xludf.DUMMYFUNCTION("""COMPUTED_VALUE"""),"Losses") -> Losses | N3: Img | O3: Img | P3: Img | Q3: =IFERROR(__xludf.DUMMYFUNCTION("QUERY( 'Raw Data'!B:G, ""SELECT Col2,Col3,Col4,Col5,Col6 WHERE Col1 = date '""&TEXT(Q2,""yyyy-MM-dd"")&""' ORDER BY Col5 DESC LABEL Col2 'Jugador', Col3 'Set', Col4 'Arquetipo', Col5 'Wins', Col6 'Losses'"", 1 )"),"Jugador") -> Jugador | R3: =IFERROR(__xludf.DUMMYFUNCTION("""COMPUTED_VALUE"""),"Set") -> Set | S3: =IFERROR(__xludf.DUMMYFUNCTION("""COMPUTED_VALUE"""),"Arquetipo") -> Arquetipo | T3: =IFERROR(__xludf.DUMMYFUNCTION("""COMPUTED_VALUE"""),"Wins") -> Wins | U3: =IFERROR(__xludf.DUMMYFUNCTION("""COMPUTED_VALUE"""),"Losses") -> Losses | V3: Img | W3: Img | X3: Img | Y3: =IFERROR(__xludf.DUMMYFUNCTION("QUERY( 'Raw Data'!B:G, ""SELECT Col2,Col3,Col4,Col5,Col6 WHERE Col1 = date '""&TEXT(Y2,""yyyy-MM-dd"")&""' ORDER BY Col5 DESC LABEL Col2 'Jugador', Col3 'Set', Col4 'Arquetipo', Col5 'Wins', Col6 'Losses'"", 1 )"),"Jugador") -> Jugador | Z3: =IFERROR(__xludf.DUMMYFUNCTION("""COMPUTED_VALUE"""),"Set") -> Set | AA3: =IFERROR(__xludf.DUMMYFUNCTION("""COMPUTED_VALUE"""),"Arquetipo") -> Arquetipo | AB3: =IFERROR(__xludf.DUMMYFUNCTION("""COMPUTED_VALUE"""),"Wins") -> Wins | AC3: =IFERROR(__xludf.DUMMYFUNCTION("""COMPUTED_VALUE"""),"Losses") -> Losses | AD3: Img | AE3: Img | AF3: Img | AG3: =IFERROR(__xludf.DUMMYFUNCTION("QUERY( 'Raw Data'!B:G, ""SELECT Col2,Col3,Col4,Col5,Col6 WHERE Col1 = date '""&TEXT(AG2,""yyyy-MM-dd"")&""' ORDER BY Col5 DESC LABEL Col2 'Jugador', Col3 'Set', Col4 'Arquetipo', Col5 'Wins', Col6 'Losses'"", 1 )"),"Jugador") -> Jugador | AH3: =IFERROR(__xludf.DUMMYFUNCTION("""COMPUTED_VALUE"""),"Set") -> Set | AI3: =IFERROR(__xludf.DUMMYFUNCTION("""COMPUTED_VALUE"""),"Arquetipo") -> Arquetipo | AJ3: =IFERROR(__xludf.DUMMYFUNCTION("""COMPUTED_VALUE"""),"Wins") -> Wins | AK3: =IFERROR(__xludf.DUMMYFUNCTION("""COMPUTED_VALUE"""),"Losses") -> Losses | AL3: Img | AM3: Img | AN3: Img
A4: =IFERROR(__xludf.DUMMYFUNCTION("""COMPUTED_VALUE"""),"YoniTheRobot") -> YoniTheRobot | B4: =IFERROR(__xludf.DUMMYFUNCTION("""COMPUTED_VALUE"""),"AYT") -> AYT | C4: =IFERROR(__xludf.DUMMYFUNCTION("""COMPUTED_VALUE"""),"8 Pants") -> 8 Pants | D4: =IFERROR(__xludf.DUMMYFUNCTION("""COMPUTED_VALUE"""),4.0) -> 4 | E4: =IFERROR(__xludf.DUMMYFUNCTION("""COMPUTED_VALUE"""),0.0) -> 0 | F4: =IFERROR(__xludf.DUMMYFUNCTION("IF(A4="""","""",IMAGE(QUERY('Deck Info'!A:F,""SELECT D WHERE A = '""&B4&""' AND B = '""&C4&""'"")))"),"") | G4: =IFERROR(__xludf.DUMMYFUNCTION("IF(A4="""","""",IMAGE(QUERY('Deck Info'!A:F,""SELECT E WHERE A = '""&B4&""' AND B = '""&C4&""'"")))"),"") | H4: =IFERROR(__xludf.DUMMYFUNCTION("IF(A4="""","""",IMAGE(QUERY('Deck Info'!A:F,""SELECT F WHERE A = '""&B4&""' AND B = '""&C4&""'"")))"),"") | I4: =IFERROR(__xludf.DUMMYFUNCTION("""COMPUTED_VALUE"""),"YoniTheRobot") -> YoniTheRobot | J4: =IFERROR(__xludf.DUMMYFUNCTION("""COMPUTED_VALUE"""),"NIK") -> NIK | K4: =IFERROR(__xludf.DUMMYFUNCTION("""COMPUTED_VALUE"""),"Door Standby") -> Door Standby | L4: =IFERROR(__xludf.DUMMYFUNCTION("""COMPUTED_VALUE"""),5.0) -> 5 | M4: =IFERROR(__xludf.DUMMYFUNCTION("""COMPUTED_VALUE"""),0.0) -> 0 | N4: =IFERROR(__xludf.DUMMYFUNCTION("IF(I4="""","""",IMAGE(QUERY('Deck Info'!A:F,""SELECT D WHERE A = '""&J4&""' AND B = '""&K4&""'"")))"),"") | O4: =IFERROR(__xludf.DUMMYFUNCTION("IF(I4="""","""",IMAGE(QUERY('Deck Info'!A:F,""SELECT E WHERE A = '""&J4&""' AND B = '""&K4&""'"")))"),"") | P4: =IFERROR(__xludf.DUMMYFUNCTION("IF(I4="""","""",IMAGE(QUERY('Deck Info'!A:F,""SELECT F WHERE A = '""&J4&""' AND B = '""&K4&""'"")))"),"") | Q4: =IFERROR(__xludf.DUMMYFUNCTION("""COMPUTED_VALUE"""),"Sp3ctrum") -> Sp3ctrum | R4: =IFERROR(__xludf.DUMMYFUNCTION("""COMPUTED_VALUE"""),"OSK") -> OSK | S4: =IFERROR(__xludf.DUMMYFUNCTION("""COMPUTED_VALUE"""),"Door Pants") -> Door Pants | T4: =IFERROR(__xludf.DUMMYFUNCTION("""COMPUTED_VALUE"""),4.0) -> 4 | U4: =IFERROR(__xludf.DUMMYFUNCTION("""COMPUTED_VALUE"""),0.0) -> 0 | V4: =IFERROR(__xludf.DUMMYFUNCTION("IF(Q4="""","""",IMAGE(QUERY('Deck Info'!A:F,""SELECT D WHERE A = '""&R4&""' AND B = '""&S4&""'"")))"),"") | W4: =IFERROR(__xludf.DUMMYFUNCTION("IF(Q4="""","""",IMAGE(QUERY('Deck Info'!A:F,""SELECT E WHERE A = '""&R4&""' AND B = '""&S4&""'"")))"),"") | X4: =IFERROR(__xludf.DUMMYFUNCTION("IF(Q4="""","""",IMAGE(QUERY('Deck Info'!A:F,""SELECT F WHERE A = '""&R4&""' AND B = '""&S4&""'"")))"),"") | Y4: =IFERROR(__xludf.DUMMYFUNCTION("""COMPUTED_VALUE"""),"Seyer") -> Seyer | Z4: =IFERROR(__xludf.DUMMYFUNCTION("""COMPUTED_VALUE"""),"LRC") -> LRC | AA4: =IFERROR(__xludf.DUMMYFUNCTION("""COMPUTED_VALUE"""),"8 Door") -> 8 Door | AB4: =IFERROR(__xludf.DUMMYFUNCTION("""COMPUTED_VALUE"""),4.0) -> 4 | AC4: =IFERROR(__xludf.DUMMYFUNCTION("""COMPUTED_VALUE"""),1.0) -> 1 | AD4: =IFERROR(__xludf.DUMMYFUNCTION("IF(Y4="""","""",IMAGE(QUERY('Deck Info'!A:F,""SELECT D WHERE A = '""&Z4&""' AND B = '""&AA4&""'"")))"),"") | AE4: =IFERROR(__xludf.DUMMYFUNCTION("IF(Y4="""","""",IMAGE(QUERY('Deck Info'!A:F,""SELECT E WHERE A = '""&Z4&""' AND B = '""&AA4&""'"")))"),"") | AF4: =IFERROR(__xludf.DUMMYFUNCTION("IF(Y4="""","""",IMAGE(QUERY('Deck Info'!A:F,""SELECT F WHERE A = '""&Z4&""' AND B = '""&AA4&""'"")))"),"") | AG4: =IFERROR(__xludf.DUMMYFUNCTION("""COMPUTED_VALUE"""),"Will") -> Will | AH4: =IFERROR(__xludf.DUMMYFUNCTION("""COMPUTED_VALUE"""),"NIK") -> NIK | AI4: =IFERROR(__xludf.DUMMYFUNCTION("""COMPUTED_VALUE"""),"Door Standby") -> Door Standby | AJ4: =IFERROR(__xludf.DUMMYFUNCTION("""COMPUTED_VALUE"""),4.0) -> 4 | AK4: =IFERROR(__xludf.DUMMYFUNCTION("""COMPUTED_VALUE"""),0.0) -> 0 | AL4: =IFERROR(__xludf.DUMMYFUNCTION("IF(AG4="""","""",IMAGE(QUERY('Deck Info'!A:F,""SELECT D WHERE A = '""&AH4&""' AND B = '""&AI4&""'"")))"),"") | AM4: =IFERROR(__xludf.DUMMYFUNCTION("IF(AG4="""","""",IMAGE(QUERY('Deck Info'!A:F,""SELECT E WHERE A = '""&AH4&""' AND B = '""&AI4&""'"")))"),"") | AN4: =IFERROR(__xludf.DUMMYFUNCTION("IF(AG4="""","""",IMAGE(QUERY('Deck Info'!A:F,""SELECT F WHERE A = '""&AH4&""' AND B = '""&AI4&""'"")))"),"")
A5: =IFERROR(__xludf.DUMMYFUNCTION("""COMPUTED_VALUE"""),"STARK") -> STARK | B5: =IFERROR(__xludf.DUMMYFUNCTION("""COMPUTED_VALUE"""),"EIS") -> EIS | C5: =IFERROR(__xludf.DUMMYFUNCTION("""COMPUTED_VALUE"""),"8 Door TD") -> 8 Door TD | D5: =IFERROR(__xludf.DUMMYFUNCTION("""COMPUTED_VALUE"""),3.0) -> 3 | E5: =IFERROR(__xludf.DUMMYFUNCTION("""COMPUTED_VALUE"""),1.0) -> 1 | F5: =IFERROR(__xludf.DUMMYFUNCTION("IF(A5="""","""",IMAGE(QUERY('Deck Info'!A:F,""SELECT D WHERE A = '""&B5&""' AND B = '""&C5&""'"")))"),"") | G5: =IFERROR(__xludf.DUMMYFUNCTION("IF(A5="""","""",IMAGE(QUERY('Deck Info'!A:F,""SELECT E WHERE A = '""&B5&""' AND B = '""&C5&""'"")))"),"") | H5: =IFERROR(__xludf.DUMMYFUNCTION("IF(A5="""","""",IMAGE(QUERY('Deck Info'!A:F,""SELECT F WHERE A = '""&B5&""' AND B = '""&C5&""'"")))"),"") | I5: =IFERROR(__xludf.DUMMYFUNCTION("""COMPUTED_VALUE"""),"Ostrovsky15") -> Ostrovsky15 | J5: =IFERROR(__xludf.DUMMYFUNCTION("""COMPUTED_VALUE"""),"OSK") -> OSK | K5: =IFERROR(__xludf.DUMMYFUNCTION("""COMPUTED_VALUE"""),"Door Pants") -> Door Pants | L5: =IFERROR(__xludf.DUMMYFUNCTION("""COMPUTED_VALUE"""),4.0) -> 4 | M5: =IFERROR(__xludf.DUMMYFUNCTION("""COMPUTED_VALUE"""),1.0) -> 1 | N5: =IFERROR(__xludf.DUMMYFUNCTION("IF(I5="""","""",IMAGE(QUERY('Deck Info'!A:F,""SELECT D WHERE A = '""&J5&""' AND B = '""&K5&""'"")))"),"") | O5: =IFERROR(__xludf.DUMMYFUNCTION("IF(I5="""","""",IMAGE(QUERY('Deck Info'!A:F,""SELECT E WHERE A = '""&J5&""' AND B = '""&K5&""'"")))"),"") | P5: =IFERROR(__xludf.DUMMYFUNCTION("IF(I5="""","""",IMAGE(QUERY('Deck Info'!A:F,""SELECT F WHERE A = '""&J5&""' AND B = '""&K5&""'"")))"),"") | Q5: =IFERROR(__xludf.DUMMYFUNCTION("""COMPUTED_VALUE"""),"Will") -> Will | R5: =IFERROR(__xludf.DUMMYFUNCTION("""COMPUTED_VALUE"""),"HOL") -> HOL | S5: =IFERROR(__xludf.DUMMYFUNCTION("""COMPUTED_VALUE"""),"Polka Choco") -> Polka Choco | T5: =IFERROR(__xludf.DUMMYFUNCTION("""COMPUTED_VALUE"""),3.0) -> 3 | U5: =IFERROR(__xludf.DUMMYFUNCTION("""COMPUTED_VALUE"""),1.0) -> 1 | V5: =IFERROR(__xludf.DUMMYFUNCTION("IF(Q5="""","""",IMAGE(QUERY('Deck Info'!A:F,""SELECT D WHERE A = '""&R5&""' AND B = '""&S5&""'"")))"),"") | W5: =IFERROR(__xludf.DUMMYFUNCTION("IF(Q5="""","""",IMAGE(QUERY('Deck Info'!A:F,""SELECT E WHERE A = '""&R5&""' AND B = '""&S5&""'"")))"),"") | X5: =IFERROR(__xludf.DUMMYFUNCTION("IF(Q5="""","""",IMAGE(QUERY('Deck Info'!A:F,""SELECT F WHERE A = '""&R5&""' AND B = '""&S5&""'"")))"),"") | Y5: =IFERROR(__xludf.DUMMYFUNCTION("""COMPUTED_VALUE"""),"Kartoffel") -> Kartoffel | Z5: =IFERROR(__xludf.DUMMYFUNCTION("""COMPUTED_VALUE"""),"MKI") -> MKI | AA5: =IFERROR(__xludf.DUMMYFUNCTION("""COMPUTED_VALUE"""),"8 Door") -> 8 Door | AB5: =IFERROR(__xludf.DUMMYFUNCTION("""COMPUTED_VALUE"""),4.0) -> 4 | AC5: =IFERROR(__xludf.DUMMYFUNCTION("""COMPUTED_VALUE"""),1.0) -> 1 | AD5: =IFERROR(__xludf.DUMMYFUNCTION("IF(Y5="""","""",IMAGE(QUERY('Deck Info'!A:F,""SELECT D WHERE A = '""&Z5&""' AND B = '""&AA5&""'"")))"),"") | AE5: =IFERROR(__xludf.DUMMYFUNCTION("IF(Y5="""","""",IMAGE(QUERY('Deck Info'!A:F,""SELECT E WHERE A = '""&Z5&""' AND B = '""&AA5&""'"")))"),"") | AF5: =IFERROR(__xludf.DUMMYFUNCTION("IF(Y5="""","""",IMAGE(QUERY('Deck Info'!A:F,""SELECT F WHERE A = '""&Z5&""' AND B = '""&AA5&""'"")))"),"") | AG5: =IFERROR(__xludf.DUMMYFUNCTION("""COMPUTED_VALUE"""),"Kartoffel") -> Kartoffel | AH5: =IFERROR(__xludf.DUMMYFUNCTION("""COMPUTED_VALUE"""),"CSM") -> CSM | AI5: =IFERROR(__xludf.DUMMYFUNCTION("""COMPUTED_VALUE"""),"StockSoul Bar") -> StockSoul Bar | AJ5: =IFERROR(__xludf.DUMMYFUNCTION("""COMPUTED_VALUE"""),3.0) -> 3 | AK5: =IFERROR(__xludf.DUMMYFUNCTION("""COMPUTED_VALUE"""),1.0) -> 1 | AL5: =IFERROR(__xludf.DUMMYFUNCTION("IF(AG5="""","""",IMAGE(QUERY('Deck Info'!A:F,""SELECT D WHERE A = '""&AH5&""' AND B = '""&AI5&""'"")))"),"") | AM5: =IFERROR(__xludf.DUMMYFUNCTION("IF(AG5="""","""",IMAGE(QUERY('Deck Info'!A:F,""SELECT E WHERE A = '""&AH5&""' AND B = '""&AI5&""'"")))"),"") | AN5: =IFERROR(__xludf.DUMMYFUNCTION("IF(AG5="""","""",IMAGE(QUERY('Deck Info'!A:F,""SELECT F WHERE A = '""&AH5&""' AND B = '""&AI5&""'"")))"),"")
A6: =IFERROR(__xludf.DUMMYFUNCTION("""COMPUTED_VALUE"""),"JustFluffy") -> JustFluffy | B6: =IFERROR(__xludf.DUMMYFUNCTION("""COMPUTED_VALUE"""),"EIS") -> EIS | C6: =IFERROR(__xludf.DUMMYFUNCTION("""COMPUTED_VALUE"""),"8 Pants Atomic 1+3") -> 8 Pants Atomic 1+3 | D6: =IFERROR(__xludf.DUMMYFUNCTION("""COMPUTED_VALUE"""),3.0) -> 3 | E6: =IFERROR(__xludf.DUMMYFUNCTION("""COMPUTED_VALUE"""),1.0) -> 1 | F6: =IFERROR(__xludf.DUMMYFUNCTION("IF(A6="""","""",IMAGE(QUERY('Deck Info'!A:F,""SELECT D WHERE A = '""&B6&""' AND B = '""&C6&""'"")))"),"") | G6: =IFERROR(__xludf.DUMMYFUNCTION("IF(A6="""","""",IMAGE(QUERY('Deck Info'!A:F,""SELECT E WHERE A = '""&B6&""' AND B = '""&C6&""'"")))"),"") | H6: =IFERROR(__xludf.DUMMYFUNCTION("IF(A6="""","""",IMAGE(QUERY('Deck Info'!A:F,""SELECT F WHERE A = '""&B6&""' AND B = '""&C6&""'"")))"),"") | I6: =IFERROR(__xludf.DUMMYFUNCTION("""COMPUTED_VALUE"""),"Will") -> Will | J6: =IFERROR(__xludf.DUMMYFUNCTION("""COMPUTED_VALUE"""),"EIS") -> EIS | K6: =IFERROR(__xludf.DUMMYFUNCTION("""COMPUTED_VALUE"""),"8 Standby") -> 8 Standby | L6: =IFERROR(__xludf.DUMMYFUNCTION("""COMPUTED_VALUE"""),4.0) -> 4 | M6: =IFERROR(__xludf.DUMMYFUNCTION("""COMPUTED_VALUE"""),1.0) -> 1 | N6: =IFERROR(__xludf.DUMMYFUNCTION("IF(I6="""","""",IMAGE(QUERY('Deck Info'!A:F,""SELECT D WHERE A = '""&J6&""' AND B = '""&K6&""'"")))"),"") | O6: =IFERROR(__xludf.DUMMYFUNCTION("IF(I6="""","""",IMAGE(QUERY('Deck Info'!A:F,""SELECT E WHERE A = '""&J6&""' AND B = '""&K6&""'"")))"),"") | P6: =IFERROR(__xludf.DUMMYFUNCTION("IF(I6="""","""",IMAGE(QUERY('Deck Info'!A:F,""SELECT F WHERE A = '""&J6&""' AND B = '""&K6&""'"")))"),"") | Q6: =IFERROR(__xludf.DUMMYFUNCTION("""COMPUTED_VALUE"""),"Seyer") -> Seyer | R6: =IFERROR(__xludf.DUMMYFUNCTION("""COMPUTED_VALUE"""),"DDD") -> DDD | S6: =IFERROR(__xludf.DUMMYFUNCTION("""COMPUTED_VALUE"""),"8 Bar") -> 8 Bar | T6: =IFERROR(__xludf.DUMMYFUNCTION("""COMPUTED_VALUE"""),3.0) -> 3 | U6: =IFERROR(__xludf.DUMMYFUNCTION("""COMPUTED_VALUE"""),1.0) -> 1 | V6: =IFERROR(__xludf.DUMMYFUNCTION("IF(Q6="""","""",IMAGE(QUERY('Deck Info'!A:F,""SELECT D WHERE A = '""&R6&""' AND B = '""&S6&""'"")))"),"") | W6: =IFERROR(__xludf.DUMMYFUNCTION("IF(Q6="""","""",IMAGE(QUERY('Deck Info'!A:F,""SELECT E WHERE A = '""&R6&""' AND B = '""&S6&""'"")))"),"") | X6: =IFERROR(__xludf.DUMMYFUNCTION("IF(Q6="""","""",IMAGE(QUERY('Deck Info'!A:F,""SELECT F WHERE A = '""&R6&""' AND B = '""&S6&""'"")))"),"") | Y6: =IFERROR(__xludf.DUMMYFUNCTION("""COMPUTED_VALUE"""),"Angladita") -> Angladita | Z6: =IFERROR(__xludf.DUMMYFUNCTION("""COMPUTED_VALUE"""),"OSK") -> OSK | AA6: =IFERROR(__xludf.DUMMYFUNCTION("""COMPUTED_VALUE"""),"Door Pants") -> Door Pants | AB6: =IFERROR(__xludf.DUMMYFUNCTION("""COMPUTED_VALUE"""),4.0) -> 4 | AC6: =IFERROR(__xludf.DUMMYFUNCTION("""COMPUTED_VALUE"""),1.0) -> 1 | AD6: =IFERROR(__xludf.DUMMYFUNCTION("IF(Y6="""","""",IMAGE(QUERY('Deck Info'!A:F,""SELECT D WHERE A = '""&Z6&""' AND B = '""&AA6&""'"")))"),"") | AE6: =IFERROR(__xludf.DUMMYFUNCTION("IF(Y6="""","""",IMAGE(QUERY('Deck Info'!A:F,""SELECT E WHERE A = '""&Z6&""' AND B = '""&AA6&""'"")))"),"") | AF6: =IFERROR(__xludf.DUMMYFUNCTION("IF(Y6="""","""",IMAGE(QUERY('Deck Info'!A:F,""SELECT F WHERE A = '""&Z6&""' AND B = '""&AA6&""'"")))"),"") | AG6: =IFERROR(__xludf.DUMMYFUNCTION("""COMPUTED_VALUE"""),"Pinya") -> Pinya | AH6: =IFERROR(__xludf.DUMMYFUNCTION("""COMPUTED_VALUE"""),"EIS") -> EIS | AI6: =IFERROR(__xludf.DUMMYFUNCTION("""COMPUTED_VALUE"""),"6 Standby 2 Door") -> 6 Standby 2 Door | AJ6: =IFERROR(__xludf.DUMMYFUNCTION("""COMPUTED_VALUE"""),3.0) -> 3 | AK6: =IFERROR(__xludf.DUMMYFUNCTION("""COMPUTED_VALUE"""),1.0) -> 1 | AL6: =IFERROR(__xludf.DUMMYFUNCTION("IF(AG6="""","""",IMAGE(QUERY('Deck Info'!A:F,""SELECT D WHERE A = '""&AH6&""' AND B = '""&AI6&""'"")))"),"") | AM6: =IFERROR(__xludf.DUMMYFUNCTION("IF(AG6="""","""",IMAGE(QUERY('Deck Info'!A:F,""SELECT E WHERE A = '""&AH6&""' AND B = '""&AI6&""'"")))"),"") | AN6: =IFERROR(__xludf.DUMMYFUNCTION("IF(AG6="""","""",IMAGE(QUERY('Deck Info'!A:F,""SELECT F WHERE A = '""&AH6&""' AND B = '""&AI6&""'"")))"),"")
A7: =IFERROR(__xludf.DUMMYFUNCTION("""COMPUTED_VALUE"""),"Will") -> Will | B7: =IFERROR(__xludf.DUMMYFUNCTION("""COMPUTED_VALUE"""),"EIS") -> EIS | C7: =IFERROR(__xludf.DUMMYFUNCTION("""COMPUTED_VALUE"""),"8 Standby") -> 8 Standby | D7: =IFERROR(__xludf.DUMMYFUNCTION("""COMPUTED_VALUE"""),3.0) -> 3 | E7: =IFERROR(__xludf.DUMMYFUNCTION("""COMPUTED_VALUE"""),1.0) -> 1 | F7: =IFERROR(__xludf.DUMMYFUNCTION("IF(A7="""","""",IMAGE(QUERY('Deck Info'!A:F,""SELECT D WHERE A = '""&B7&""' AND B = '""&C7&""'"")))"),"") | G7: =IFERROR(__xludf.DUMMYFUNCTION("IF(A7="""","""",IMAGE(QUERY('Deck Info'!A:F,""SELECT E WHERE A = '""&B7&""' AND B = '""&C7&""'"")))"),"") | H7: =IFERROR(__xludf.DUMMYFUNCTION("IF(A7="""","""",IMAGE(QUERY('Deck Info'!A:F,""SELECT F WHERE A = '""&B7&""' AND B = '""&C7&""'"")))"),"") | I7: =IFERROR(__xludf.DUMMYFUNCTION("""COMPUTED_VALUE"""),"Calvo Tieso") -> Calvo Tieso | J7: =IFERROR(__xludf.DUMMYFUNCTION("""COMPUTED_VALUE"""),"AZL") -> AZL | K7: =IFERROR(__xludf.DUMMYFUNCTION("""COMPUTED_VALUE"""),"8 Standby") -> 8 Standby | L7: =IFERROR(__xludf.DUMMYFUNCTION("""COMPUTED_VALUE"""),4.0) -> 4 | M7: =IFERROR(__xludf.DUMMYFUNCTION("""COMPUTED_VALUE"""),1.0) -> 1 | N7: =IFERROR(__xludf.DUMMYFUNCTION("IF(I7="""","""",IMAGE(QUERY('Deck Info'!A:F,""SELECT D WHERE A = '""&J7&""' AND B = '""&K7&""'"")))"),"") | O7: =IFERROR(__xludf.DUMMYFUNCTION("IF(I7="""","""",IMAGE(QUERY('Deck Info'!A:F,""SELECT E WHERE A = '""&J7&""' AND B = '""&K7&""'"")))"),"") | P7: =IFERROR(__xludf.DUMMYFUNCTION("IF(I7="""","""",IMAGE(QUERY('Deck Info'!A:F,""SELECT F WHERE A = '""&J7&""' AND B = '""&K7&""'"")))"),"") | Q7: =IFERROR(__xludf.DUMMYFUNCTION("""COMPUTED_VALUE"""),"Zeno") -> Zeno | R7: =IFERROR(__xludf.DUMMYFUNCTION("""COMPUTED_VALUE"""),"5HY") -> 5HY | S7: =IFERROR(__xludf.DUMMYFUNCTION("""COMPUTED_VALUE"""),"Nino") -> Nino | T7: =IFERROR(__xludf.DUMMYFUNCTION("""COMPUTED_VALUE"""),3.0) -> 3 | U7: =IFERROR(__xludf.DUMMYFUNCTION("""COMPUTED_VALUE"""),1.0) -> 1 | V7: =IFERROR(__xludf.DUMMYFUNCTION("IF(Q7="""","""",IMAGE(QUERY('Deck Info'!A:F,""SELECT D WHERE A = '""&R7&""' AND B = '""&S7&""'"")))"),"") | W7: =IFERROR(__xludf.DUMMYFUNCTION("IF(Q7="""","""",IMAGE(QUERY('Deck Info'!A:F,""SELECT E WHERE A = '""&R7&""' AND B = '""&S7&""'"")))"),"") | X7: =IFERROR(__xludf.DUMMYFUNCTION("IF(Q7="""","""",IMAGE(QUERY('Deck Info'!A:F,""SELECT F WHERE A = '""&R7&""' AND B = '""&S7&""'"")))"),"") | Y7: =IFERROR(__xludf.DUMMYFUNCTION("""COMPUTED_VALUE"""),"Agus") -> Agus | Z7: =IFERROR(__xludf.DUMMYFUNCTION("""COMPUTED_VALUE"""),"DAL") -> DAL | AA7: =IFERROR(__xludf.DUMMYFUNCTION("""COMPUTED_VALUE"""),"8 Standby") -> 8 Standby | AB7: =IFERROR(__xludf.DUMMYFUNCTION("""COMPUTED_VALUE"""),4.0) -> 4 | AC7: =IFERROR(__xludf.DUMMYFUNCTION("""COMPUTED_VALUE"""),1.0) -> 1 | AD7: =IFERROR(__xludf.DUMMYFUNCTION("IF(Y7="""","""",IMAGE(QUERY('Deck Info'!A:F,""SELECT D WHERE A = '""&Z7&""' AND B = '""&AA7&""'"")))"),"") | AE7: =IFERROR(__xludf.DUMMYFUNCTION("IF(Y7="""","""",IMAGE(QUERY('Deck Info'!A:F,""SELECT E WHERE A = '""&Z7&""' AND B = '""&AA7&""'"")))"),"") | AF7: =IFERROR(__xludf.DUMMYFUNCTION("IF(Y7="""","""",IMAGE(QUERY('Deck Info'!A:F,""SELECT F WHERE A = '""&Z7&""' AND B = '""&AA7&""'"")))"),"") | AG7: =IFERROR(__xludf.DUMMYFUNCTION("""COMPUTED_VALUE"""),"JustFluffy") -> JustFluffy | AH7: =IFERROR(__xludf.DUMMYFUNCTION("""COMPUTED_VALUE"""),"BAV") -> BAV | AI7: =IFERROR(__xludf.DUMMYFUNCTION("""COMPUTED_VALUE"""),"Pants Choice") -> Pants Choice | AJ7: =IFERROR(__xludf.DUMMYFUNCTION("""COMPUTED_VALUE"""),3.0) -> 3 | AK7: =IFERROR(__xludf.DUMMYFUNCTION("""COMPUTED_VALUE"""),1.0) -> 1 | AL7: =IFERROR(__xludf.DUMMYFUNCTION("IF(AG7="""","""",IMAGE(QUERY('Deck Info'!A:F,""SELECT D WHERE A = '""&AH7&""' AND B = '""&AI7&""'"")))"),"") | AM7: =IFERROR(__xludf.DUMMYFUNCTION("IF(AG7="""","""",IMAGE(QUERY('Deck Info'!A:F,""SELECT E WHERE A = '""&AH7&""' AND B = '""&AI7&""'"")))"),"") | AN7: =IFERROR(__xludf.DUMMYFUNCTION("IF(AG7="""","""",IMAGE(QUERY('Deck Info'!A:F,""SELECT F WHERE A = '""&AH7&""' AND B = '""&AI7&""'"")))"),"")
A8: =IFERROR(__xludf.DUMMYFUNCTION("""COMPUTED_VALUE"""),"Lecna") -> Lecna | B8: =IFERROR(__xludf.DUMMYFUNCTION("""COMPUTED_VALUE"""),"GRI") -> GRI | C8: =IFERROR(__xludf.DUMMYFUNCTION("""COMPUTED_VALUE"""),"Door Pants ") -> Door Pants | D8: =IFERROR(__xludf.DUMMYFUNCTION("""COMPUTED_VALUE"""),3.0) -> 3 | E8: =IFERROR(__xludf.DUMMYFUNCTION("""COMPUTED_VALUE"""),1.0) -> 1 | F8: =IFERROR(__xludf.DUMMYFUNCTION("IF(A8="""","""",IMAGE(QUERY('Deck Info'!A:F,""SELECT D WHERE A = '""&B8&""' AND B = '""&C8&""'"")))"),"#N/A") -> #N/A | G8: =IFERROR(__xludf.DUMMYFUNCTION("IF(A8="""","""",IMAGE(QUERY('Deck Info'!A:F,""SELECT E WHERE A = '""&B8&""' AND B = '""&C8&""'"")))"),"#N/A") -> #N/A | H8: =IFERROR(__xludf.DUMMYFUNCTION("IF(A8="""","""",IMAGE(QUERY('Deck Info'!A:F,""SELECT F WHERE A = '""&B8&""' AND B = '""&C8&""'"")))"),"#N/A") -> #N/A | I8: =IFERROR(__xludf.DUMMYFUNCTION("""COMPUTED_VALUE"""),"byrondeltcg") -> byrondeltcg | J8: =IFERROR(__xludf.DUMMYFUNCTION("""COMPUTED_VALUE"""),"DDD") -> DDD | K8: =IFERROR(__xludf.DUMMYFUNCTION("""COMPUTED_VALUE"""),"8 Choice") -> 8 Choice | L8: =IFERROR(__xludf.DUMMYFUNCTION("""COMPUTED_VALUE"""),3.0) -> 3 | M8: =IFERROR(__xludf.DUMMYFUNCTION("""COMPUTED_VALUE"""),2.0) -> 2 | N8: =IFERROR(__xludf.DUMMYFUNCTION("IF(I8="""","""",IMAGE(QUERY('Deck Info'!A:F,""SELECT D WHERE A = '""&J8&""' AND B = '""&K8&""'"")))"),"") | O8: =IFERROR(__xludf.DUMMYFUNCTION("IF(I8="""","""",IMAGE(QUERY('Deck Info'!A:F,""SELECT E WHERE A = '""&J8&""' AND B = '""&K8&""'"")))"),"") | P8: =IFERROR(__xludf.DUMMYFUNCTION("IF(I8="""","""",IMAGE(QUERY('Deck Info'!A:F,""SELECT F WHERE A = '""&J8&""' AND B = '""&K8&""'"")))"),"") | Q8: =IFERROR(__xludf.DUMMYFUNCTION("""COMPUTED_VALUE"""),"Kartoffel") -> Kartoffel | R8: =IFERROR(__xludf.DUMMYFUNCTION("""COMPUTED_VALUE"""),"MKI") -> MKI | S8: =IFERROR(__xludf.DUMMYFUNCTION("""COMPUTED_VALUE"""),"8 Door") -> 8 Door | T8: =IFERROR(__xludf.DUMMYFUNCTION("""COMPUTED_VALUE"""),2.0) -> 2 | U8: =IFERROR(__xludf.DUMMYFUNCTION("""COMPUTED_VALUE"""),2.0) -> 2 | V8: =IFERROR(__xludf.DUMMYFUNCTION("IF(Q8="""","""",IMAGE(QUERY('Deck Info'!A:F,""SELECT D WHERE A = '""&R8&""' AND B = '""&S8&""'"")))"),"") | W8: =IFERROR(__xludf.DUMMYFUNCTION("IF(Q8="""","""",IMAGE(QUERY('Deck Info'!A:F,""SELECT E WHERE A = '""&R8&""' AND B = '""&S8&""'"")))"),"") | X8: =IFERROR(__xludf.DUMMYFUNCTION("IF(Q8="""","""",IMAGE(QUERY('Deck Info'!A:F,""SELECT F WHERE A = '""&R8&""' AND B = '""&S8&""'"")))"),"") | Y8: =IFERROR(__xludf.DUMMYFUNCTION("""COMPUTED_VALUE"""),"byrondeltcg") -> byrondeltcg | Z8: =IFERROR(__xludf.DUMMYFUNCTION("""COMPUTED_VALUE"""),"DDD") -> DDD | AA8: =IFERROR(__xludf.DUMMYFUNCTION("""COMPUTED_VALUE"""),"8 Choice") -> 8 Choice | AB8: =IFERROR(__xludf.DUMMYFUNCTION("""COMPUTED_VALUE"""),3.0) -> 3 | AC8: =IFERROR(__xludf.DUMMYFUNCTION("""COMPUTED_VALUE"""),2.0) -> 2 | AD8: =IFERROR(__xludf.DUMMYFUNCTION("IF(Y8="""","""",IMAGE(QUERY('Deck Info'!A:F,""SELECT D WHERE A = '""&Z8&""' AND B = '""&AA8&""'"")))"),"") | AE8: =IFERROR(__xludf.DUMMYFUNCTION("IF(Y8="""","""",IMAGE(QUERY('Deck Info'!A:F,""SELECT E WHERE A = '""&Z8&""' AND B = '""&AA8&""'"")))"),"") | AF8: =IFERROR(__xludf.DUMMYFUNCTION("IF(Y8="""","""",IMAGE(QUERY('Deck Info'!A:F,""SELECT F WHERE A = '""&Z8&""' AND B = '""&AA8&""'"")))"),"") | AG8: =IFERROR(__xludf.DUMMYFUNCTION("""COMPUTED_VALUE"""),"Calvo Tieso") -> Calvo Tieso | AH8: =IFERROR(__xludf.DUMMYFUNCTION("""COMPUTED_VALUE"""),"AZL") -> AZL | AI8: =IFERROR(__xludf.DUMMYFUNCTION("""COMPUTED_VALUE"""),"8 Door") -> 8 Door | AJ8: =IFERROR(__xludf.DUMMYFUNCTION("""COMPUTED_VALUE"""),2.0) -> 2 | AK8: =IFERROR(__xludf.DUMMYFUNCTION("""COMPUTED_VALUE"""),2.0) -> 2 | AL8: =IFERROR(__xludf.DUMMYFUNCTION("IF(AG8="""","""",IMAGE(QUERY('Deck Info'!A:F,""SELECT D WHERE A = '""&AH8&""' AND B = '""&AI8&""'"")))"),"") | AM8: =IFERROR(__xludf.DUMMYFUNCTION("IF(AG8="""","""",IMAGE(QUERY('Deck Info'!A:F,""SELECT E WHERE A = '""&AH8&""' AND B = '""&AI8&""'"")))"),"") | AN8: =IFERROR(__xludf.DUMMYFUNCTION("IF(AG8="""","""",IMAGE(QUERY('Deck Info'!A:F,""SELECT F WHERE A = '""&AH8&""' AND B = '""&AI8&""'"")))"),"")
A9: =IFERROR(__xludf.DUMMYFUNCTION("""COMPUTED_VALUE"""),"Kartoffel") -> Kartoffel | B9: =IFERROR(__xludf.DUMMYFUNCTION("""COMPUTED_VALUE"""),"GCR") -> GCR | C9: =IFERROR(__xludf.DUMMYFUNCTION("""COMPUTED_VALUE"""),"8 Door") -> 8 Door | D9: =IFERROR(__xludf.DUMMYFUNCTION("""COMPUTED_VALUE"""),2.0) -> 2 | E9: =IFERROR(__xludf.DUMMYFUNCTION("""COMPUTED_VALUE"""),2.0) -> 2 | F9: =IFERROR(__xludf.DUMMYFUNCTION("IF(A9="""","""",IMAGE(QUERY('Deck Info'!A:F,""SELECT D WHERE A = '""&B9&""' AND B = '""&C9&""'"")))"),"") | G9: =IFERROR(__xludf.DUMMYFUNCTION("IF(A9="""","""",IMAGE(QUERY('Deck Info'!A:F,""SELECT E WHERE A = '""&B9&""' AND B = '""&C9&""'"")))"),"") | H9: =IFERROR(__xludf.DUMMYFUNCTION("IF(A9="""","""",IMAGE(QUERY('Deck Info'!A:F,""SELECT F WHERE A = '""&B9&""' AND B = '""&C9&""'"")))"),"") | I9: =IFERROR(__xludf.DUMMYFUNCTION("""COMPUTED_VALUE"""),"Angladita") -> Angladita | J9: =IFERROR(__xludf.DUMMYFUNCTION("""COMPUTED_VALUE"""),"OSK") -> OSK | K9: =IFERROR(__xludf.DUMMYFUNCTION("""COMPUTED_VALUE"""),"Door Pants") -> Door Pants | L9: =IFERROR(__xludf.DUMMYFUNCTION("""COMPUTED_VALUE"""),3.0) -> 3 | M9: =IFERROR(__xludf.DUMMYFUNCTION("""COMPUTED_VALUE"""),2.0) -> 2 | N9: =IFERROR(__xludf.DUMMYFUNCTION("IF(I9="""","""",IMAGE(QUERY('Deck Info'!A:F,""SELECT D WHERE A = '""&J9&""' AND B = '""&K9&""'"")))"),"") | O9: =IFERROR(__xludf.DUMMYFUNCTION("IF(I9="""","""",IMAGE(QUERY('Deck Info'!A:F,""SELECT E WHERE A = '""&J9&""' AND B = '""&K9&""'"")))"),"") | P9: =IFERROR(__xludf.DUMMYFUNCTION("IF(I9="""","""",IMAGE(QUERY('Deck Info'!A:F,""SELECT F WHERE A = '""&J9&""' AND B = '""&K9&""'"")))"),"") | Q9: =IFERROR(__xludf.DUMMYFUNCTION("""COMPUTED_VALUE"""),"Angladita") -> Angladita | R9: =IFERROR(__xludf.DUMMYFUNCTION("""COMPUTED_VALUE"""),"NIK") -> NIK | S9: =IFERROR(__xludf.DUMMYFUNCTION("""COMPUTED_VALUE"""),"Door Standby") -> Door Standby | T9: =IFERROR(__xludf.DUMMYFUNCTION("""COMPUTED_VALUE"""),2.0) -> 2 | U9: =IFERROR(__xludf.DUMMYFUNCTION("""COMPUTED_VALUE"""),2.0) -> 2 | V9: =IFERROR(__xludf.DUMMYFUNCTION("IF(Q9="""","""",IMAGE(QUERY('Deck Info'!A:F,""SELECT D WHERE A = '""&R9&""' AND B = '""&S9&""'"")))"),"") | W9: =IFERROR(__xludf.DUMMYFUNCTION("IF(Q9="""","""",IMAGE(QUERY('Deck Info'!A:F,""SELECT E WHERE A = '""&R9&""' AND B = '""&S9&""'"")))"),"") | X9: =IFERROR(__xludf.DUMMYFUNCTION("IF(Q9="""","""",IMAGE(QUERY('Deck Info'!A:F,""SELECT F WHERE A = '""&R9&""' AND B = '""&S9&""'"")))"),"") | Y9: =IFERROR(__xludf.DUMMYFUNCTION("""COMPUTED_VALUE"""),"YoniTheRobot") -> YoniTheRobot | Z9: =IFERROR(__xludf.DUMMYFUNCTION("""COMPUTED_VALUE"""),"Fxx") -> Fxx | AA9: =IFERROR(__xludf.DUMMYFUNCTION("""COMPUTED_VALUE"""),"StockSoul Bar") -> StockSoul Bar | AB9: =IFERROR(__xludf.DUMMYFUNCTION("""COMPUTED_VALUE"""),3.0) -> 3 | AC9: =IFERROR(__xludf.DUMMYFUNCTION("""COMPUTED_VALUE"""),2.0) -> 2 | AD9: =IFERROR(__xludf.DUMMYFUNCTION("IF(Y9="""","""",IMAGE(QUERY('Deck Info'!A:F,""SELECT D WHERE A = '""&Z9&""' AND B = '""&AA9&""'"")))"),"") | AE9: =IFERROR(__xludf.DUMMYFUNCTION("IF(Y9="""","""",IMAGE(QUERY('Deck Info'!A:F,""SELECT E WHERE A = '""&Z9&""' AND B = '""&AA9&""'"")))"),"") | AF9: =IFERROR(__xludf.DUMMYFUNCTION("IF(Y9="""","""",IMAGE(QUERY('Deck Info'!A:F,""SELECT F WHERE A = '""&Z9&""' AND B = '""&AA9&""'"")))"),"") | AG9: =IFERROR(__xludf.DUMMYFUNCTION("""COMPUTED_VALUE"""),"Mualco") -> Mualco | AH9: =IFERROR(__xludf.DUMMYFUNCTION("""COMPUTED_VALUE"""),"GCR") -> GCR | AI9: =IFERROR(__xludf.DUMMYFUNCTION("""COMPUTED_VALUE"""),"8 Door") -> 8 Door | AJ9: =IFERROR(__xludf.DUMMYFUNCTION("""COMPUTED_VALUE"""),2.0) -> 2 | AK9: =IFERROR(__xludf.DUMMYFUNCTION("""COMPUTED_VALUE"""),2.0) -> 2 | AL9: =IFERROR(__xludf.DUMMYFUNCTION("IF(AG9="""","""",IMAGE(QUERY('Deck Info'!A:F,""SELECT D WHERE A = '""&AH9&""' AND B = '""&AI9&""'"")))"),"") | AM9: =IFERROR(__xludf.DUMMYFUNCTION("IF(AG9="""","""",IMAGE(QUERY('Deck Info'!A:F,""SELECT E WHERE A = '""&AH9&""' AND B = '""&AI9&""'"")))"),"") | AN9: =IFERROR(__xludf.DUMMYFUNCTION("IF(AG9="""","""",IMAGE(QUERY('Deck Info'!A:F,""SELECT F WHERE A = '""&AH9&""' AND B = '""&AI9&""'"")))"),"")
A10: =IFERROR(__xludf.DUMMYFUNCTION("""COMPUTED_VALUE"""),"Ruto") -> Ruto | B10: =IFERROR(__xludf.DUMMYFUNCTION("""COMPUTED_VALUE"""),"?") -> ? | C10: =IFERROR(__xludf.DUMMYFUNCTION("""COMPUTED_VALUE"""),"?") -> ? | D10: =IFERROR(__xludf.DUMMYFUNCTION("""COMPUTED_VALUE"""),2.0) -> 2 | E10: =IFERROR(__xludf.DUMMYFUNCTION("""COMPUTED_VALUE"""),2.0) -> 2 | F10: =IFERROR(__xludf.DUMMYFUNCTION("IF(A10="""","""",IMAGE(QUERY('Deck Info'!A:F,""SELECT D WHERE A = '""&B10&""' AND B = '""&C10&""'"")))"),"") | G10: =IFERROR(__xludf.DUMMYFUNCTION("IF(A10="""","""",IMAGE(QUERY('Deck Info'!A:F,""SELECT E WHERE A = '""&B10&""' AND B = '""&C10&""'"")))"),"") | H10: =IFERROR(__xludf.DUMMYFUNCTION("IF(A10="""","""",IMAGE(QUERY('Deck Info'!A:F,""SELECT F WHERE A = '""&B10&""' AND B = '""&C10&""'"")))"),"") | I10: =IFERROR(__xludf.DUMMYFUNCTION("""COMPUTED_VALUE"""),"Charlie") -> Charlie | J10: =IFERROR(__xludf.DUMMYFUNCTION("""COMPUTED_VALUE"""),"?") -> ? | K10: =IFERROR(__xludf.DUMMYFUNCTION("""COMPUTED_VALUE"""),"?") -> ? | L10: =IFERROR(__xludf.DUMMYFUNCTION("""COMPUTED_VALUE"""),3.0) -> 3 | M10: =IFERROR(__xludf.DUMMYFUNCTION("""COMPUTED_VALUE"""),2.0) -> 2 | N10: =IFERROR(__xludf.DUMMYFUNCTION("IF(I10="""","""",IMAGE(QUERY('Deck Info'!A:F,""SELECT D WHERE A = '""&J10&""' AND B = '""&K10&""'"")))"),"") | O10: =IFERROR(__xludf.DUMMYFUNCTION("IF(I10="""","""",IMAGE(QUERY('Deck Info'!A:F,""SELECT E WHERE A = '""&J10&""' AND B = '""&K10&""'"")))"),"") | P10: =IFERROR(__xludf.DUMMYFUNCTION("IF(I10="""","""",IMAGE(QUERY('Deck Info'!A:F,""SELECT F WHERE A = '""&J10&""' AND B = '""&K10&""'"")))"),"") | Q10: =IFERROR(__xludf.DUMMYFUNCTION("""COMPUTED_VALUE"""),"SoulQualia") -> SoulQualia | R10: =IFERROR(__xludf.DUMMYFUNCTION("""COMPUTED_VALUE"""),"EIS") -> EIS | S10: =IFERROR(__xludf.DUMMYFUNCTION("""COMPUTED_VALUE"""),"8 Standby") -> 8 Standby | T10: =IFERROR(__xludf.DUMMYFUNCTION("""COMPUTED_VALUE"""),2.0) -> 2 | U10: =IFERROR(__xludf.DUMMYFUNCTION("""COMPUTED_VALUE"""),2.0) -> 2 | V10: =IFERROR(__xludf.DUMMYFUNCTION("IF(Q10="""","""",IMAGE(QUERY('Deck Info'!A:F,""SELECT D WHERE A = '""&R10&""' AND B = '""&S10&""'"")))"),"") | W10: =IFERROR(__xludf.DUMMYFUNCTION("IF(Q10="""","""",IMAGE(QUERY('Deck Info'!A:F,""SELECT E WHERE A = '""&R10&""' AND B = '""&S10&""'"")))"),"") | X10: =IFERROR(__xludf.DUMMYFUNCTION("IF(Q10="""","""",IMAGE(QUERY('Deck Info'!A:F,""SELECT F WHERE A = '""&R10&""' AND B = '""&S10&""'"")))"),"") | Y10: =IFERROR(__xludf.DUMMYFUNCTION("""COMPUTED_VALUE"""),"Will") -> Will | Z10: =IFERROR(__xludf.DUMMYFUNCTION("""COMPUTED_VALUE"""),"HOL") -> HOL | AA10: =IFERROR(__xludf.DUMMYFUNCTION("""COMPUTED_VALUE"""),"Polka Choco") -> Polka Choco | AB10: =IFERROR(__xludf.DUMMYFUNCTION("""COMPUTED_VALUE"""),3.0) -> 3 | AC10: =IFERROR(__xludf.DUMMYFUNCTION("""COMPUTED_VALUE"""),2.0) -> 2 | AD10: =IFERROR(__xludf.DUMMYFUNCTION("IF(Y10="""","""",IMAGE(QUERY('Deck Info'!A:F,""SELECT D WHERE A = '""&Z10&""' AND B = '""&AA10&""'"")))"),"") | AE10: =IFERROR(__xludf.DUMMYFUNCTION("IF(Y10="""","""",IMAGE(QUERY('Deck Info'!A:F,""SELECT E WHERE A = '""&Z10&""' AND B = '""&AA10&""'"")))"),"") | AF10: =IFERROR(__xludf.DUMMYFUNCTION("IF(Y10="""","""",IMAGE(QUERY('Deck Info'!A:F,""SELECT F WHERE A = '""&Z10&""' AND B = '""&AA10&""'"")))"),"") | AG10: =IFERROR(__xludf.DUMMYFUNCTION("""COMPUTED_VALUE"""),"SoulQualia") -> SoulQualia | AH10: =IFERROR(__xludf.DUMMYFUNCTION("""COMPUTED_VALUE"""),"EIS") -> EIS | AI10: =IFERROR(__xludf.DUMMYFUNCTION("""COMPUTED_VALUE"""),"8 Standby") -> 8 Standby | AJ10: =IFERROR(__xludf.DUMMYFUNCTION("""COMPUTED_VALUE"""),2.0) -> 2 | AK10: =IFERROR(__xludf.DUMMYFUNCTION("""COMPUTED_VALUE"""),2.0) -> 2 | AL10: =IFERROR(__xludf.DUMMYFUNCTION("IF(AG10="""","""",IMAGE(QUERY('Deck Info'!A:F,""SELECT D WHERE A = '""&AH10&""' AND B = '""&AI10&""'"")))"),"") | AM10: =IFERROR(__xludf.DUMMYFUNCTION("IF(AG10="""","""",IMAGE(QUERY('Deck Info'!A:F,""SELECT E WHERE A = '""&AH10&""' AND B = '""&AI10&""'"")))"),"") | AN10: =IFERROR(__xludf.DUMMYFUNCTION("IF(AG10="""","""",IMAGE(QUERY('Deck Info'!A:F,""SELECT F WHERE A = '""&AH10&""' AND B = '""&AI10&""'"")))"),"")
A11: =IFERROR(__xludf.DUMMYFUNCTION("""COMPUTED_VALUE"""),"Doris") -> Doris | B11: =IFERROR(__xludf.DUMMYFUNCTION("""COMPUTED_VALUE"""),"?") -> ? | C11: =IFERROR(__xludf.DUMMYFUNCTION("""COMPUTED_VALUE"""),"?") -> ? | D11: =IFERROR(__xludf.DUMMYFUNCTION("""COMPUTED_VALUE"""),2.0) -> 2 | E11: =IFERROR(__xludf.DUMMYFUNCTION("""COMPUTED_VALUE"""),2.0) -> 2 | F11: =IFERROR(__xludf.DUMMYFUNCTION("IF(A11="""","""",IMAGE(QUERY('Deck Info'!A:F,""SELECT D WHERE A = '""&B11&""' AND B = '""&C11&""'"")))"),"") | G11: =IFERROR(__xludf.DUMMYFUNCTION("IF(A11="""","""",IMAGE(QUERY('Deck Info'!A:F,""SELECT E WHERE A = '""&B11&""' AND B = '""&C11&""'"")))"),"") | H11: =IFERROR(__xludf.DUMMYFUNCTION("IF(A11="""","""",IMAGE(QUERY('Deck Info'!A:F,""SELECT F WHERE A = '""&B11&""' AND B = '""&C11&""'"")))"),"") | I11: =IFERROR(__xludf.DUMMYFUNCTION("""COMPUTED_VALUE"""),"Rehmius") -> Rehmius | J11: =IFERROR(__xludf.DUMMYFUNCTION("""COMPUTED_VALUE"""),"EIS") -> EIS | K11: =IFERROR(__xludf.DUMMYFUNCTION("""COMPUTED_VALUE"""),"8 Standby") -> 8 Standby | L11: =IFERROR(__xludf.DUMMYFUNCTION("""COMPUTED_VALUE"""),3.0) -> 3 | M11: =IFERROR(__xludf.DUMMYFUNCTION("""COMPUTED_VALUE"""),2.0) -> 2 | N11: =IFERROR(__xludf.DUMMYFUNCTION("IF(I11="""","""",IMAGE(QUERY('Deck Info'!A:F,""SELECT D WHERE A = '""&J11&""' AND B = '""&K11&""'"")))"),"") | O11: =IFERROR(__xludf.DUMMYFUNCTION("IF(I11="""","""",IMAGE(QUERY('Deck Info'!A:F,""SELECT E WHERE A = '""&J11&""' AND B = '""&K11&""'"")))"),"") | P11: =IFERROR(__xludf.DUMMYFUNCTION("IF(I11="""","""",IMAGE(QUERY('Deck Info'!A:F,""SELECT F WHERE A = '""&J11&""' AND B = '""&K11&""'"")))"),"") | Q11: =IFERROR(__xludf.DUMMYFUNCTION("""COMPUTED_VALUE"""),"Rehmius") -> Rehmius | R11: =IFERROR(__xludf.DUMMYFUNCTION("""COMPUTED_VALUE"""),"EIS") -> EIS | S11: =IFERROR(__xludf.DUMMYFUNCTION("""COMPUTED_VALUE"""),"8 Standby") -> 8 Standby | T11: =IFERROR(__xludf.DUMMYFUNCTION("""COMPUTED_VALUE"""),2.0) -> 2 | U11: =IFERROR(__xludf.DUMMYFUNCTION("""COMPUTED_VALUE"""),2.0) -> 2 | V11: =IFERROR(__xludf.DUMMYFUNCTION("IF(Q11="""","""",IMAGE(QUERY('Deck Info'!A:F,""SELECT D WHERE A = '""&R11&""' AND B = '""&S11&""'"")))"),"") | W11: =IFERROR(__xludf.DUMMYFUNCTION("IF(Q11="""","""",IMAGE(QUERY('Deck Info'!A:F,""SELECT E WHERE A = '""&R11&""' AND B = '""&S11&""'"")))"),"") | X11: =IFERROR(__xludf.DUMMYFUNCTION("IF(Q11="""","""",IMAGE(QUERY('Deck Info'!A:F,""SELECT F WHERE A = '""&R11&""' AND B = '""&S11&""'"")))"),"") | Y11: =IFERROR(__xludf.DUMMYFUNCTION("""COMPUTED_VALUE"""),"Kururu") -> Kururu | Z11: =IFERROR(__xludf.DUMMYFUNCTION("""COMPUTED_VALUE"""),"NIK") -> NIK | AA11: =IFERROR(__xludf.DUMMYFUNCTION("""COMPUTED_VALUE"""),"Door Standby") -> Door Standby | AB11: =IFERROR(__xludf.DUMMYFUNCTION("""COMPUTED_VALUE"""),3.0) -> 3 | AC11: =IFERROR(__xludf.DUMMYFUNCTION("""COMPUTED_VALUE"""),2.0) -> 2 | AD11: =IFERROR(__xludf.DUMMYFUNCTION("IF(Y11="""","""",IMAGE(QUERY('Deck Info'!A:F,""SELECT D WHERE A = '""&Z11&""' AND B = '""&AA11&""'"")))"),"") | AE11: =IFERROR(__xludf.DUMMYFUNCTION("IF(Y11="""","""",IMAGE(QUERY('Deck Info'!A:F,""SELECT E WHERE A = '""&Z11&""' AND B = '""&AA11&""'"")))"),"") | AF11: =IFERROR(__xludf.DUMMYFUNCTION("IF(Y11="""","""",IMAGE(QUERY('Deck Info'!A:F,""SELECT F WHERE A = '""&Z11&""' AND B = '""&AA11&""'"")))"),"") | AG11: =IFERROR(__xludf.DUMMYFUNCTION("""COMPUTED_VALUE"""),"Rehmius") -> Rehmius | AH11: =IFERROR(__xludf.DUMMYFUNCTION("""COMPUTED_VALUE"""),"EIS") -> EIS | AI11: =IFERROR(__xludf.DUMMYFUNCTION("""COMPUTED_VALUE"""),"8 Standby") -> 8 Standby | AJ11: =IFERROR(__xludf.DUMMYFUNCTION("""COMPUTED_VALUE"""),2.0) -> 2 | AK11: =IFERROR(__xludf.DUMMYFUNCTION("""COMPUTED_VALUE"""),2.0) -> 2 | AL11: =IFERROR(__xludf.DUMMYFUNCTION("IF(AG11="""","""",IMAGE(QUERY('Deck Info'!A:F,""SELECT D WHERE A = '""&AH11&""' AND B = '""&AI11&""'"")))"),"") | AM11: =IFERROR(__xludf.DUMMYFUNCTION("IF(AG11="""","""",IMAGE(QUERY('Deck Info'!A:F,""SELECT E WHERE A = '""&AH11&""' AND B = '""&AI11&""'"")))"),"") | AN11: =IFERROR(__xludf.DUMMYFUNCTION("IF(AG11="""","""",IMAGE(QUERY('Deck Info'!A:F,""SELECT F WHERE A = '""&AH11&""' AND B = '""&AI11&""'"")))"),"")
A12: =IFERROR(__xludf.DUMMYFUNCTION("""COMPUTED_VALUE"""),"Kururu") -> Kururu | B12: =IFERROR(__xludf.DUMMYFUNCTION("""COMPUTED_VALUE"""),"?") -> ? | C12: =IFERROR(__xludf.DUMMYFUNCTION("""COMPUTED_VALUE"""),"?") -> ? | D12: =IFERROR(__xludf.DUMMYFUNCTION("""COMPUTED_VALUE"""),2.0) -> 2 | E12: =IFERROR(__xludf.DUMMYFUNCTION("""COMPUTED_VALUE"""),2.0) -> 2 | F12: =IFERROR(__xludf.DUMMYFUNCTION("IF(A12="""","""",IMAGE(QUERY('Deck Info'!A:F,""SELECT D WHERE A = '""&B12&""' AND B = '""&C12&""'"")))"),"") | G12: =IFERROR(__xludf.DUMMYFUNCTION("IF(A12="""","""",IMAGE(QUERY('Deck Info'!A:F,""SELECT E WHERE A = '""&B12&""' AND B = '""&C12&""'"")))"),"") | H12: =IFERROR(__xludf.DUMMYFUNCTION("IF(A12="""","""",IMAGE(QUERY('Deck Info'!A:F,""SELECT F WHERE A = '""&B12&""' AND B = '""&C12&""'"")))"),"") | I12: =IFERROR(__xludf.DUMMYFUNCTION("""COMPUTED_VALUE"""),"Sp3ctrum") -> Sp3ctrum | J12: =IFERROR(__xludf.DUMMYFUNCTION("""COMPUTED_VALUE"""),"OSK") -> OSK | K12: =IFERROR(__xludf.DUMMYFUNCTION("""COMPUTED_VALUE"""),"Door Pants") -> Door Pants | L12: =IFERROR(__xludf.DUMMYFUNCTION("""COMPUTED_VALUE"""),3.0) -> 3 | M12: =IFERROR(__xludf.DUMMYFUNCTION("""COMPUTED_VALUE"""),2.0) -> 2 | N12: =IFERROR(__xludf.DUMMYFUNCTION("IF(I12="""","""",IMAGE(QUERY('Deck Info'!A:F,""SELECT D WHERE A = '""&J12&""' AND B = '""&K12&""'"")))"),"") | O12: =IFERROR(__xludf.DUMMYFUNCTION("IF(I12="""","""",IMAGE(QUERY('Deck Info'!A:F,""SELECT E WHERE A = '""&J12&""' AND B = '""&K12&""'"")))"),"") | P12: =IFERROR(__xludf.DUMMYFUNCTION("IF(I12="""","""",IMAGE(QUERY('Deck Info'!A:F,""SELECT F WHERE A = '""&J12&""' AND B = '""&K12&""'"")))"),"") | Q12: =IFERROR(__xludf.DUMMYFUNCTION("""COMPUTED_VALUE"""),"Nomar") -> Nomar | R12: =IFERROR(__xludf.DUMMYFUNCTION("""COMPUTED_VALUE"""),"ARI") -> ARI | S12: =IFERROR(__xludf.DUMMYFUNCTION("""COMPUTED_VALUE"""),"2Soul Bar") -> 2Soul Bar | T12: =IFERROR(__xludf.DUMMYFUNCTION("""COMPUTED_VALUE"""),2.0) -> 2 | U12: =IFERROR(__xludf.DUMMYFUNCTION("""COMPUTED_VALUE"""),2.0) -> 2 | V12: =IFERROR(__xludf.DUMMYFUNCTION("IF(Q12="""","""",IMAGE(QUERY('Deck Info'!A:F,""SELECT D WHERE A = '""&R12&""' AND B = '""&S12&""'"")))"),"") | W12: =IFERROR(__xludf.DUMMYFUNCTION("IF(Q12="""","""",IMAGE(QUERY('Deck Info'!A:F,""SELECT E WHERE A = '""&R12&""' AND B = '""&S12&""'"")))"),"") | X12: =IFERROR(__xludf.DUMMYFUNCTION("IF(Q12="""","""",IMAGE(QUERY('Deck Info'!A:F,""SELECT F WHERE A = '""&R12&""' AND B = '""&S12&""'"")))"),"") | Y12: =IFERROR(__xludf.DUMMYFUNCTION("""COMPUTED_VALUE"""),"Rehmius") -> Rehmius | Z12: =IFERROR(__xludf.DUMMYFUNCTION("""COMPUTED_VALUE"""),"OSK") -> OSK | AA12: =IFERROR(__xludf.DUMMYFUNCTION("""COMPUTED_VALUE"""),"Door Pants") -> Door Pants | AB12: =IFERROR(__xludf.DUMMYFUNCTION("""COMPUTED_VALUE"""),3.0) -> 3 | AC12: =IFERROR(__xludf.DUMMYFUNCTION("""COMPUTED_VALUE"""),2.0) -> 2 | AD12: =IFERROR(__xludf.DUMMYFUNCTION("IF(Y12="""","""",IMAGE(QUERY('Deck Info'!A:F,""SELECT D WHERE A = '""&Z12&""' AND B = '""&AA12&""'"")))"),"") | AE12: =IFERROR(__xludf.DUMMYFUNCTION("IF(Y12="""","""",IMAGE(QUERY('Deck Info'!A:F,""SELECT E WHERE A = '""&Z12&""' AND B = '""&AA12&""'"")))"),"") | AF12: =IFERROR(__xludf.DUMMYFUNCTION("IF(Y12="""","""",IMAGE(QUERY('Deck Info'!A:F,""SELECT F WHERE A = '""&Z12&""' AND B = '""&AA12&""'"")))"),"") | AG12: =IFERROR(__xludf.DUMMYFUNCTION("""COMPUTED_VALUE"""),"Nomar") -> Nomar | AH12: =IFERROR(__xludf.DUMMYFUNCTION("""COMPUTED_VALUE"""),"NIK") -> NIK | AI12: =IFERROR(__xludf.DUMMYFUNCTION("""COMPUTED_VALUE"""),"Door Standby") -> Door Standby | AJ12: =IFERROR(__xludf.DUMMYFUNCTION("""COMPUTED_VALUE"""),1.0) -> 1 | AK12: =IFERROR(__xludf.DUMMYFUNCTION("""COMPUTED_VALUE"""),3.0) -> 3 | AL12: =IFERROR(__xludf.DUMMYFUNCTION("IF(AG12="""","""",IMAGE(QUERY('Deck Info'!A:F,""SELECT D WHERE A = '""&AH12&""' AND B = '""&AI12&""'"")))"),"") | AM12: =IFERROR(__xludf.DUMMYFUNCTION("IF(AG12="""","""",IMAGE(QUERY('Deck Info'!A:F,""SELECT E WHERE A = '""&AH12&""' AND B = '""&AI12&""'"")))"),"") | AN12: =IFERROR(__xludf.DUMMYFUNCTION("IF(AG12="""","""",IMAGE(QUERY('Deck Info'!A:F,""SELECT F WHERE A = '""&AH12&""' AND B = '""&AI12&""'"")))"),"")
A13: =IFERROR(__xludf.DUMMYFUNCTION("""COMPUTED_VALUE"""),"PavonShinigami") -> PavonShinigami | B13: =IFERROR(__xludf.DUMMYFUNCTION("""COMPUTED_VALUE"""),"FT") -> FT | C13: =IFERROR(__xludf.DUMMYFUNCTION("""COMPUTED_VALUE"""),"Bar Choice") -> Bar Choice | D13: =IFERROR(__xludf.DUMMYFUNCTION("""COMPUTED_VALUE"""),2.0) -> 2 | E13: =IFERROR(__xludf.DUMMYFUNCTION("""COMPUTED_VALUE"""),2.0) -> 2 | F13: =IFERROR(__xludf.DUMMYFUNCTION("IF(A13="""","""",IMAGE(QUERY('Deck Info'!A:F,""SELECT D WHERE A = '""&B13&""' AND B = '""&C13&""'"")))"),"") | G13: =IFERROR(__xludf.DUMMYFUNCTION("IF(A13="""","""",IMAGE(QUERY('Deck Info'!A:F,""SELECT E WHERE A = '""&B13&""' AND B = '""&C13&""'"")))"),"") | H13: =IFERROR(__xludf.DUMMYFUNCTION("IF(A13="""","""",IMAGE(QUERY('Deck Info'!A:F,""SELECT F WHERE A = '""&B13&""' AND B = '""&C13&""'"")))"),"") | I13: =IFERROR(__xludf.DUMMYFUNCTION("""COMPUTED_VALUE"""),"Mualco") -> Mualco | J13: =IFERROR(__xludf.DUMMYFUNCTION("""COMPUTED_VALUE"""),"?") -> ? | K13: =IFERROR(__xludf.DUMMYFUNCTION("""COMPUTED_VALUE"""),"?") -> ? | L13: =IFERROR(__xludf.DUMMYFUNCTION("""COMPUTED_VALUE"""),3.0) -> 3 | M13: =IFERROR(__xludf.DUMMYFUNCTION("""COMPUTED_VALUE"""),2.0) -> 2 | N13: =IFERROR(__xludf.DUMMYFUNCTION("IF(I13="""","""",IMAGE(QUERY('Deck Info'!A:F,""SELECT D WHERE A = '""&J13&""' AND B = '""&K13&""'"")))"),"") | O13: =IFERROR(__xludf.DUMMYFUNCTION("IF(I13="""","""",IMAGE(QUERY('Deck Info'!A:F,""SELECT E WHERE A = '""&J13&""' AND B = '""&K13&""'"")))"),"") | P13: =IFERROR(__xludf.DUMMYFUNCTION("IF(I13="""","""",IMAGE(QUERY('Deck Info'!A:F,""SELECT F WHERE A = '""&J13&""' AND B = '""&K13&""'"")))"),"") | Q13: =IFERROR(__xludf.DUMMYFUNCTION("""COMPUTED_VALUE"""),"Agus") -> Agus | R13: =IFERROR(__xludf.DUMMYFUNCTION("""COMPUTED_VALUE"""),"DAL") -> DAL | S13: =IFERROR(__xludf.DUMMYFUNCTION("""COMPUTED_VALUE"""),"8 Standby") -> 8 Standby | T13: =IFERROR(__xludf.DUMMYFUNCTION("""COMPUTED_VALUE"""),2.0) -> 2 | U13: =IFERROR(__xludf.DUMMYFUNCTION("""COMPUTED_VALUE"""),2.0) -> 2 | V13: =IFERROR(__xludf.DUMMYFUNCTION("IF(Q13="""","""",IMAGE(QUERY('Deck Info'!A:F,""SELECT D WHERE A = '""&R13&""' AND B = '""&S13&""'"")))"),"") | W13: =IFERROR(__xludf.DUMMYFUNCTION("IF(Q13="""","""",IMAGE(QUERY('Deck Info'!A:F,""SELECT E WHERE A = '""&R13&""' AND B = '""&S13&""'"")))"),"") | X13: =IFERROR(__xludf.DUMMYFUNCTION("IF(Q13="""","""",IMAGE(QUERY('Deck Info'!A:F,""SELECT F WHERE A = '""&R13&""' AND B = '""&S13&""'"")))"),"") | Y13: =IFERROR(__xludf.DUMMYFUNCTION("""COMPUTED_VALUE"""),"Charlie") -> Charlie | Z13: =IFERROR(__xludf.DUMMYFUNCTION("""COMPUTED_VALUE"""),"?") -> ? | AA13: =IFERROR(__xludf.DUMMYFUNCTION("""COMPUTED_VALUE"""),"?") -> ? | AB13: =IFERROR(__xludf.DUMMYFUNCTION("""COMPUTED_VALUE"""),3.0) -> 3 | AC13: =IFERROR(__xludf.DUMMYFUNCTION("""COMPUTED_VALUE"""),2.0) -> 2 | AD13: =IFERROR(__xludf.DUMMYFUNCTION("IF(Y13="""","""",IMAGE(QUERY('Deck Info'!A:F,""SELECT D WHERE A = '""&Z13&""' AND B = '""&AA13&""'"")))"),"") | AE13: =IFERROR(__xludf.DUMMYFUNCTION("IF(Y13="""","""",IMAGE(QUERY('Deck Info'!A:F,""SELECT E WHERE A = '""&Z13&""' AND B = '""&AA13&""'"")))"),"") | AF13: =IFERROR(__xludf.DUMMYFUNCTION("IF(Y13="""","""",IMAGE(QUERY('Deck Info'!A:F,""SELECT F WHERE A = '""&Z13&""' AND B = '""&AA13&""'"")))"),"") | AG13: =IFERROR(__xludf.DUMMYFUNCTION("""COMPUTED_VALUE"""),"Kururu") -> Kururu | AH13: =IFERROR(__xludf.DUMMYFUNCTION("""COMPUTED_VALUE"""),"NIK") -> NIK | AI13: =IFERROR(__xludf.DUMMYFUNCTION("""COMPUTED_VALUE"""),"Door Standby") -> Door Standby | AJ13: =IFERROR(__xludf.DUMMYFUNCTION("""COMPUTED_VALUE"""),1.0) -> 1 | AK13: =IFERROR(__xludf.DUMMYFUNCTION("""COMPUTED_VALUE"""),3.0) -> 3 | AL13: =IFERROR(__xludf.DUMMYFUNCTION("IF(AG13="""","""",IMAGE(QUERY('Deck Info'!A:F,""SELECT D WHERE A = '""&AH13&""' AND B = '""&AI13&""'"")))"),"") | AM13: =IFERROR(__xludf.DUMMYFUNCTION("IF(AG13="""","""",IMAGE(QUERY('Deck Info'!A:F,""SELECT E WHERE A = '""&AH13&""' AND B = '""&AI13&""'"")))"),"") | AN13: =IFERROR(__xludf.DUMMYFUNCTION("IF(AG13="""","""",IMAGE(QUERY('Deck Info'!A:F,""SELECT F WHERE A = '""&AH13&""' AND B = '""&AI13&""'"")))"),"")
A14: =IFERROR(__xludf.DUMMYFUNCTION("""COMPUTED_VALUE"""),"Seyer") -> Seyer | B14: =IFERROR(__xludf.DUMMYFUNCTION("""COMPUTED_VALUE"""),"?") -> ? | C14: =IFERROR(__xludf.DUMMYFUNCTION("""COMPUTED_VALUE"""),"?") -> ? | D14: =IFERROR(__xludf.DUMMYFUNCTION("""COMPUTED_VALUE"""),2.0) -> 2 | E14: =IFERROR(__xludf.DUMMYFUNCTION("""COMPUTED_VALUE"""),2.0) -> 2 | F14: =IFERROR(__xludf.DUMMYFUNCTION("IF(A14="""","""",IMAGE(QUERY('Deck Info'!A:F,""SELECT D WHERE A = '""&B14&""' AND B = '""&C14&""'"")))"),"") | G14: =IFERROR(__xludf.DUMMYFUNCTION("IF(A14="""","""",IMAGE(QUERY('Deck Info'!A:F,""SELECT E WHERE A = '""&B14&""' AND B = '""&C14&""'"")))"),"") | H14: =IFERROR(__xludf.DUMMYFUNCTION("IF(A14="""","""",IMAGE(QUERY('Deck Info'!A:F,""SELECT F WHERE A = '""&B14&""' AND B = '""&C14&""'"")))"),"") | I14: =IFERROR(__xludf.DUMMYFUNCTION("""COMPUTED_VALUE"""),"Kururu") -> Kururu | J14: =IFERROR(__xludf.DUMMYFUNCTION("""COMPUTED_VALUE"""),"?") -> ? | K14: =IFERROR(__xludf.DUMMYFUNCTION("""COMPUTED_VALUE"""),"?") -> ? | L14: =IFERROR(__xludf.DUMMYFUNCTION("""COMPUTED_VALUE"""),3.0) -> 3 | M14: =IFERROR(__xludf.DUMMYFUNCTION("""COMPUTED_VALUE"""),2.0) -> 2 | N14: =IFERROR(__xludf.DUMMYFUNCTION("IF(I14="""","""",IMAGE(QUERY('Deck Info'!A:F,""SELECT D WHERE A = '""&J14&""' AND B = '""&K14&""'"")))"),"") | O14: =IFERROR(__xludf.DUMMYFUNCTION("IF(I14="""","""",IMAGE(QUERY('Deck Info'!A:F,""SELECT E WHERE A = '""&J14&""' AND B = '""&K14&""'"")))"),"") | P14: =IFERROR(__xludf.DUMMYFUNCTION("IF(I14="""","""",IMAGE(QUERY('Deck Info'!A:F,""SELECT F WHERE A = '""&J14&""' AND B = '""&K14&""'"")))"),"") | Q14: =IFERROR(__xludf.DUMMYFUNCTION("""COMPUTED_VALUE"""),"Doris") -> Doris | R14: =IFERROR(__xludf.DUMMYFUNCTION("""COMPUTED_VALUE"""),"SFN") -> SFN | S14: =IFERROR(__xludf.DUMMYFUNCTION("""COMPUTED_VALUE"""),"Modified TD") -> Modified TD | T14: =IFERROR(__xludf.DUMMYFUNCTION("""COMPUTED_VALUE"""),2.0) -> 2 | U14: =IFERROR(__xludf.DUMMYFUNCTION("""COMPUTED_VALUE"""),2.0) -> 2 | V14: =IFERROR(__xludf.DUMMYFUNCTION("IF(Q14="""","""",IMAGE(QUERY('Deck Info'!A:F,""SELECT D WHERE A = '""&R14&""' AND B = '""&S14&""'"")))"),"") | W14: =IFERROR(__xludf.DUMMYFUNCTION("IF(Q14="""","""",IMAGE(QUERY('Deck Info'!A:F,""SELECT E WHERE A = '""&R14&""' AND B = '""&S14&""'"")))"),"") | X14: =IFERROR(__xludf.DUMMYFUNCTION("IF(Q14="""","""",IMAGE(QUERY('Deck Info'!A:F,""SELECT F WHERE A = '""&R14&""' AND B = '""&S14&""'"")))"),"") | Y14: =IFERROR(__xludf.DUMMYFUNCTION("""COMPUTED_VALUE"""),"Zeno") -> Zeno | Z14: =IFERROR(__xludf.DUMMYFUNCTION("""COMPUTED_VALUE"""),"5HY") -> 5HY | AA14: =IFERROR(__xludf.DUMMYFUNCTION("""COMPUTED_VALUE"""),"Nino") -> Nino | AB14: =IFERROR(__xludf.DUMMYFUNCTION("""COMPUTED_VALUE"""),2.0) -> 2 | AC14: =IFERROR(__xludf.DUMMYFUNCTION("""COMPUTED_VALUE"""),3.0) -> 3 | AD14: =IFERROR(__xludf.DUMMYFUNCTION("IF(Y14="""","""",IMAGE(QUERY('Deck Info'!A:F,""SELECT D WHERE A = '""&Z14&""' AND B = '""&AA14&""'"")))"),"") | AE14: =IFERROR(__xludf.DUMMYFUNCTION("IF(Y14="""","""",IMAGE(QUERY('Deck Info'!A:F,""SELECT E WHERE A = '""&Z14&""' AND B = '""&AA14&""'"")))"),"") | AF14: =IFERROR(__xludf.DUMMYFUNCTION("IF(Y14="""","""",IMAGE(QUERY('Deck Info'!A:F,""SELECT F WHERE A = '""&Z14&""' AND B = '""&AA14&""'"")))"),"") | AG14: =IFERROR(__xludf.DUMMYFUNCTION("""COMPUTED_VALUE"""),"AC5") -> AC5 | AH14: =IFERROR(__xludf.DUMMYFUNCTION("""COMPUTED_VALUE"""),"NIK") -> NIK | AI14: =IFERROR(__xludf.DUMMYFUNCTION("""COMPUTED_VALUE"""),"Door Standby") -> Door Standby | AJ14: =IFERROR(__xludf.DUMMYFUNCTION("""COMPUTED_VALUE"""),1.0) -> 1 | AK14: =IFERROR(__xludf.DUMMYFUNCTION("""COMPUTED_VALUE"""),3.0) -> 3 | AL14: =IFERROR(__xludf.DUMMYFUNCTION("IF(AG14="""","""",IMAGE(QUERY('Deck Info'!A:F,""SELECT D WHERE A = '""&AH14&""' AND B = '""&AI14&""'"")))"),"") | AM14: =IFERROR(__xludf.DUMMYFUNCTION("IF(AG14="""","""",IMAGE(QUERY('Deck Info'!A:F,""SELECT E WHERE A = '""&AH14&""' AND B = '""&AI14&""'"")))"),"") | AN14: =IFERROR(__xludf.DUMMYFUNCTION("IF(AG14="""","""",IMAGE(QUERY('Deck Info'!A:F,""SELECT F WHERE A = '""&AH14&""' AND B = '""&AI14&""'"")))"),"")
A15: =IFERROR(__xludf.DUMMYFUNCTION("""COMPUTED_VALUE"""),"Rehmius") -> Rehmius | B15: =IFERROR(__xludf.DUMMYFUNCTION("""COMPUTED_VALUE"""),"?") -> ? | C15: =IFERROR(__xludf.DUMMYFUNCTION("""COMPUTED_VALUE"""),"?") -> ? | D15: =IFERROR(__xludf.DUMMYFUNCTION("""COMPUTED_VALUE"""),1.0) -> 1 | E15: =IFERROR(__xludf.DUMMYFUNCTION("""COMPUTED_VALUE"""),3.0) -> 3 | F15: =IFERROR(__xludf.DUMMYFUNCTION("IF(A15="""","""",IMAGE(QUERY('Deck Info'!A:F,""SELECT D WHERE A = '""&B15&""' AND B = '""&C15&""'"")))"),"") | G15: =IFERROR(__xludf.DUMMYFUNCTION("IF(A15="""","""",IMAGE(QUERY('Deck Info'!A:F,""SELECT E WHERE A = '""&B15&""' AND B = '""&C15&""'"")))"),"") | H15: =IFERROR(__xludf.DUMMYFUNCTION("IF(A15="""","""",IMAGE(QUERY('Deck Info'!A:F,""SELECT F WHERE A = '""&B15&""' AND B = '""&C15&""'"")))"),"") | I15: =IFERROR(__xludf.DUMMYFUNCTION("""COMPUTED_VALUE"""),"Nomar") -> Nomar | J15: =IFERROR(__xludf.DUMMYFUNCTION("""COMPUTED_VALUE"""),"?") -> ? | K15: =IFERROR(__xludf.DUMMYFUNCTION("""COMPUTED_VALUE"""),"?") -> ? | L15: =IFERROR(__xludf.DUMMYFUNCTION("""COMPUTED_VALUE"""),2.0) -> 2 | M15: =IFERROR(__xludf.DUMMYFUNCTION("""COMPUTED_VALUE"""),3.0) -> 3 | N15: =IFERROR(__xludf.DUMMYFUNCTION("IF(I15="""","""",IMAGE(QUERY('Deck Info'!A:F,""SELECT D WHERE A = '""&J15&""' AND B = '""&K15&""'"")))"),"") | O15: =IFERROR(__xludf.DUMMYFUNCTION("IF(I15="""","""",IMAGE(QUERY('Deck Info'!A:F,""SELECT E WHERE A = '""&J15&""' AND B = '""&K15&""'"")))"),"") | P15: =IFERROR(__xludf.DUMMYFUNCTION("IF(I15="""","""",IMAGE(QUERY('Deck Info'!A:F,""SELECT F WHERE A = '""&J15&""' AND B = '""&K15&""'"")))"),"") | Q15: =IFERROR(__xludf.DUMMYFUNCTION("""COMPUTED_VALUE"""),"Lecna") -> Lecna | R15: =IFERROR(__xludf.DUMMYFUNCTION("""COMPUTED_VALUE"""),"AYT") -> AYT | S15: =IFERROR(__xludf.DUMMYFUNCTION("""COMPUTED_VALUE"""),"8 Pants") -> 8 Pants | T15: =IFERROR(__xludf.DUMMYFUNCTION("""COMPUTED_VALUE"""),2.0) -> 2 | U15: =IFERROR(__xludf.DUMMYFUNCTION("""COMPUTED_VALUE"""),2.0) -> 2 | V15: =IFERROR(__xludf.DUMMYFUNCTION("IF(Q15="""","""",IMAGE(QUERY('Deck Info'!A:F,""SELECT D WHERE A = '""&R15&""' AND B = '""&S15&""'"")))"),"") | W15: =IFERROR(__xludf.DUMMYFUNCTION("IF(Q15="""","""",IMAGE(QUERY('Deck Info'!A:F,""SELECT E WHERE A = '""&R15&""' AND B = '""&S15&""'"")))"),"") | X15: =IFERROR(__xludf.DUMMYFUNCTION("IF(Q15="""","""",IMAGE(QUERY('Deck Info'!A:F,""SELECT F WHERE A = '""&R15&""' AND B = '""&S15&""'"")))"),"") | Y15: =IFERROR(__xludf.DUMMYFUNCTION("""COMPUTED_VALUE"""),"Jose Sev") -> Jose Sev | Z15: =IFERROR(__xludf.DUMMYFUNCTION("""COMPUTED_VALUE"""),"EIS") -> EIS | AA15: =IFERROR(__xludf.DUMMYFUNCTION("""COMPUTED_VALUE"""),"8 Bar") -> 8 Bar | AB15: =IFERROR(__xludf.DUMMYFUNCTION("""COMPUTED_VALUE"""),2.0) -> 2 | AC15: =IFERROR(__xludf.DUMMYFUNCTION("""COMPUTED_VALUE"""),3.0) -> 3 | AD15: =IFERROR(__xludf.DUMMYFUNCTION("IF(Y15="""","""",IMAGE(QUERY('Deck Info'!A:F,""SELECT D WHERE A = '""&Z15&""' AND B = '""&AA15&""'"")))"),"#N/A") -> #N/A | AE15: =IFERROR(__xludf.DUMMYFUNCTION("IF(Y15="""","""",IMAGE(QUERY('Deck Info'!A:F,""SELECT E WHERE A = '""&Z15&""' AND B = '""&AA15&""'"")))"),"#N/A") -> #N/A | AF15: =IFERROR(__xludf.DUMMYFUNCTION("IF(Y15="""","""",IMAGE(QUERY('Deck Info'!A:F,""SELECT F WHERE A = '""&Z15&""' AND B = '""&AA15&""'"")))"),"#N/A") -> #N/A | AL15: =IFERROR(__xludf.DUMMYFUNCTION("IF(AG15="""","""",IMAGE(QUERY('Deck Info'!I:N,""SELECT D WHERE A = '""&AH15&""' AND B = '""&AI15&""'"")))"),"") | AM15: =IFERROR(__xludf.DUMMYFUNCTION("IF(AG15="""","""",IMAGE(QUERY('Deck Info'!I:N,""SELECT E WHERE A = '""&AH15&""' AND B = '""&AI15&""'"")))"),"") | AN15: =IFERROR(__xludf.DUMMYFUNCTION("IF(AG15="""","""",IMAGE(QUERY('Deck Info'!I:N,""SELECT F WHERE A = '""&AH15&""' AND B = '""&AI15&""'"")))"),"")
A16: =IFERROR(__xludf.DUMMYFUNCTION("""COMPUTED_VALUE"""),"Kydan") -> Kydan | B16: =IFERROR(__xludf.DUMMYFUNCTION("""COMPUTED_VALUE"""),"?") -> ? | C16: =IFERROR(__xludf.DUMMYFUNCTION("""COMPUTED_VALUE"""),"?") -> ? | D16: =IFERROR(__xludf.DUMMYFUNCTION("""COMPUTED_VALUE"""),1.0) -> 1 | E16: =IFERROR(__xludf.DUMMYFUNCTION("""COMPUTED_VALUE"""),3.0) -> 3 | F16: =IFERROR(__xludf.DUMMYFUNCTION("IF(A16="""","""",IMAGE(QUERY('Deck Info'!A:F,""SELECT D WHERE A = '""&B16&""' AND B = '""&C16&""'"")))"),"") | G16: =IFERROR(__xludf.DUMMYFUNCTION("IF(A16="""","""",IMAGE(QUERY('Deck Info'!A:F,""SELECT E WHERE A = '""&B16&""' AND B = '""&C16&""'"")))"),"") | H16: =IFERROR(__xludf.DUMMYFUNCTION("IF(A16="""","""",IMAGE(QUERY('Deck Info'!A:F,""SELECT F WHERE A = '""&B16&""' AND B = '""&C16&""'"")))"),"") | I16: =IFERROR(__xludf.DUMMYFUNCTION("""COMPUTED_VALUE"""),"Pinya") -> Pinya | J16: =IFERROR(__xludf.DUMMYFUNCTION("""COMPUTED_VALUE"""),"?") -> ? | K16: =IFERROR(__xludf.DUMMYFUNCTION("""COMPUTED_VALUE"""),"?") -> ? | L16: =IFERROR(__xludf.DUMMYFUNCTION("""COMPUTED_VALUE"""),2.0) -> 2 | M16: =IFERROR(__xludf.DUMMYFUNCTION("""COMPUTED_VALUE"""),3.0) -> 3 | N16: =IFERROR(__xludf.DUMMYFUNCTION("IF(I16="""","""",IMAGE(QUERY('Deck Info'!A:F,""SELECT D WHERE A = '""&J16&""' AND B = '""&K16&""'"")))"),"") | O16: =IFERROR(__xludf.DUMMYFUNCTION("IF(I16="""","""",IMAGE(QUERY('Deck Info'!A:F,""SELECT E WHERE A = '""&J16&""' AND B = '""&K16&""'"")))"),"") | P16: =IFERROR(__xludf.DUMMYFUNCTION("IF(I16="""","""",IMAGE(QUERY('Deck Info'!A:F,""SELECT F WHERE A = '""&J16&""' AND B = '""&K16&""'"")))"),"") | Q16: =IFERROR(__xludf.DUMMYFUNCTION("""COMPUTED_VALUE"""),"JustFluffy") -> JustFluffy | R16: =IFERROR(__xludf.DUMMYFUNCTION("""COMPUTED_VALUE"""),"EIS") -> EIS | S16: =IFERROR(__xludf.DUMMYFUNCTION("""COMPUTED_VALUE"""),"8 Pants Atomic 1+3") -> 8 Pants Atomic 1+3 | T16: =IFERROR(__xludf.DUMMYFUNCTION("""COMPUTED_VALUE"""),1.0) -> 1 | U16: =IFERROR(__xludf.DUMMYFUNCTION("""COMPUTED_VALUE"""),3.0) -> 3 | V16: =IFERROR(__xludf.DUMMYFUNCTION("IF(Q16="""","""",IMAGE(QUERY('Deck Info'!A:F,""SELECT D WHERE A = '""&R16&""' AND B = '""&S16&""'"")))"),"") | W16: =IFERROR(__xludf.DUMMYFUNCTION("IF(Q16="""","""",IMAGE(QUERY('Deck Info'!A:F,""SELECT E WHERE A = '""&R16&""' AND B = '""&S16&""'"")))"),"") | X16: =IFERROR(__xludf.DUMMYFUNCTION("IF(Q16="""","""",IMAGE(QUERY('Deck Info'!A:F,""SELECT F WHERE A = '""&R16&""' AND B = '""&S16&""'"")))"),"") | Y16: =IFERROR(__xludf.DUMMYFUNCTION("""COMPUTED_VALUE"""),"STARK") -> STARK | Z16: =IFERROR(__xludf.DUMMYFUNCTION("""COMPUTED_VALUE"""),"Fxx") -> Fxx | AA16: =IFERROR(__xludf.DUMMYFUNCTION("""COMPUTED_VALUE"""),"8 Standby") -> 8 Standby | AB16: =IFERROR(__xludf.DUMMYFUNCTION("""COMPUTED_VALUE"""),2.0) -> 2 | AC16: =IFERROR(__xludf.DUMMYFUNCTION("""COMPUTED_VALUE"""),3.0) -> 3 | AD16: =IFERROR(__xludf.DUMMYFUNCTION("IF(Y16="""","""",IMAGE(QUERY('Deck Info'!A:F,""SELECT D WHERE A = '""&Z16&""' AND B = '""&AA16&""'"")))"),"") | AE16: =IFERROR(__xludf.DUMMYFUNCTION("IF(Y16="""","""",IMAGE(QUERY('Deck Info'!A:F,""SELECT E WHERE A = '""&Z16&""' AND B = '""&AA16&""'"")))"),"") | AF16: =IFERROR(__xludf.DUMMYFUNCTION("IF(Y16="""","""",IMAGE(QUERY('Deck Info'!A:F,""SELECT F WHERE A = '""&Z16&""' AND B = '""&AA16&""'"")))"),"") | AL16: =IFERROR(__xludf.DUMMYFUNCTION("IF(AG16="""","""",IMAGE(QUERY('Deck Info'!I:N,""SELECT D WHERE A = '""&AH16&""' AND B = '""&AI16&""'"")))"),"") | AM16: =IFERROR(__xludf.DUMMYFUNCTION("IF(AG16="""","""",IMAGE(QUERY('Deck Info'!I:N,""SELECT E WHERE A = '""&AH16&""' AND B = '""&AI16&""'"")))"),"") | AN16: =IFERROR(__xludf.DUMMYFUNCTION("IF(AG16="""","""",IMAGE(QUERY('Deck Info'!I:N,""SELECT F WHERE A = '""&AH16&""' AND B = '""&AI16&""'"")))"),"")
A17: =IFERROR(__xludf.DUMMYFUNCTION("""COMPUTED_VALUE"""),"Agus") -> Agus | B17: =IFERROR(__xludf.DUMMYFUNCTION("""COMPUTED_VALUE"""),"?") -> ? | C17: =IFERROR(__xludf.DUMMYFUNCTION("""COMPUTED_VALUE"""),"?") -> ? | D17: =IFERROR(__xludf.DUMMYFUNCTION("""COMPUTED_VALUE"""),1.0) -> 1 | E17: =IFERROR(__xludf.DUMMYFUNCTION("""COMPUTED_VALUE"""),3.0) -> 3 | F17: =IFERROR(__xludf.DUMMYFUNCTION("IF(A17="""","""",IMAGE(QUERY('Deck Info'!A:F,""SELECT D WHERE A = '""&B17&""' AND B = '""&C17&""'"")))"),"") | G17: =IFERROR(__xludf.DUMMYFUNCTION("IF(A17="""","""",IMAGE(QUERY('Deck Info'!A:F,""SELECT E WHERE A = '""&B17&""' AND B = '""&C17&""'"")))"),"") | H17: =IFERROR(__xludf.DUMMYFUNCTION("IF(A17="""","""",IMAGE(QUERY('Deck Info'!A:F,""SELECT F WHERE A = '""&B17&""' AND B = '""&C17&""'"")))"),"") | I17: =IFERROR(__xludf.DUMMYFUNCTION("""COMPUTED_VALUE"""),"Carsol") -> Carsol | J17: =IFERROR(__xludf.DUMMYFUNCTION("""COMPUTED_VALUE"""),"?") -> ? | K17: =IFERROR(__xludf.DUMMYFUNCTION("""COMPUTED_VALUE"""),"?") -> ? | L17: =IFERROR(__xludf.DUMMYFUNCTION("""COMPUTED_VALUE"""),2.0) -> 2 | M17: =IFERROR(__xludf.DUMMYFUNCTION("""COMPUTED_VALUE"""),3.0) -> 3 | N17: =IFERROR(__xludf.DUMMYFUNCTION("IF(I17="""","""",IMAGE(QUERY('Deck Info'!A:F,""SELECT D WHERE A = '""&J17&""' AND B = '""&K17&""'"")))"),"") | O17: =IFERROR(__xludf.DUMMYFUNCTION("IF(I17="""","""",IMAGE(QUERY('Deck Info'!A:F,""SELECT E WHERE A = '""&J17&""' AND B = '""&K17&""'"")))"),"") | P17: =IFERROR(__xludf.DUMMYFUNCTION("IF(I17="""","""",IMAGE(QUERY('Deck Info'!A:F,""SELECT F WHERE A = '""&J17&""' AND B = '""&K17&""'"")))"),"") | Q17: =IFERROR(__xludf.DUMMYFUNCTION("""COMPUTED_VALUE"""),"Mualco") -> Mualco | R17: =IFERROR(__xludf.DUMMYFUNCTION("""COMPUTED_VALUE"""),"BTR") -> BTR | S17: =IFERROR(__xludf.DUMMYFUNCTION("""COMPUTED_VALUE"""),"Door Bar") -> Door Bar | T17: =IFERROR(__xludf.DUMMYFUNCTION("""COMPUTED_VALUE"""),1.0) -> 1 | U17: =IFERROR(__xludf.DUMMYFUNCTION("""COMPUTED_VALUE"""),3.0) -> 3 | V17: =IFERROR(__xludf.DUMMYFUNCTION("IF(Q17="""","""",IMAGE(QUERY('Deck Info'!A:F,""SELECT D WHERE A = '""&R17&""' AND B = '""&S17&""'"")))"),"") | W17: =IFERROR(__xludf.DUMMYFUNCTION("IF(Q17="""","""",IMAGE(QUERY('Deck Info'!A:F,""SELECT E WHERE A = '""&R17&""' AND B = '""&S17&""'"")))"),"") | X17: =IFERROR(__xludf.DUMMYFUNCTION("IF(Q17="""","""",IMAGE(QUERY('Deck Info'!A:F,""SELECT F WHERE A = '""&R17&""' AND B = '""&S17&""'"")))"),"") | Y17: =IFERROR(__xludf.DUMMYFUNCTION("""COMPUTED_VALUE"""),"Mualco") -> Mualco | Z17: =IFERROR(__xludf.DUMMYFUNCTION("""COMPUTED_VALUE"""),"GCR") -> GCR | AA17: =IFERROR(__xludf.DUMMYFUNCTION("""COMPUTED_VALUE"""),"8 Door") -> 8 Door | AB17: =IFERROR(__xludf.DUMMYFUNCTION("""COMPUTED_VALUE"""),2.0) -> 2 | AC17: =IFERROR(__xludf.DUMMYFUNCTION("""COMPUTED_VALUE"""),3.0) -> 3 | AD17: =IFERROR(__xludf.DUMMYFUNCTION("IF(Y17="""","""",IMAGE(QUERY('Deck Info'!A:F,""SELECT D WHERE A = '""&Z17&""' AND B = '""&AA17&""'"")))"),"") | AE17: =IFERROR(__xludf.DUMMYFUNCTION("IF(Y17="""","""",IMAGE(QUERY('Deck Info'!A:F,""SELECT E WHERE A = '""&Z17&""' AND B = '""&AA17&""'"")))"),"") | AF17: =IFERROR(__xludf.DUMMYFUNCTION("IF(Y17="""","""",IMAGE(QUERY('Deck Info'!A:F,""SELECT F WHERE A = '""&Z17&""' AND B = '""&AA17&""'"")))"),"") | AL17: =IFERROR(__xludf.DUMMYFUNCTION("IF(AG17="""","""",IMAGE(QUERY('Deck Info'!I:N,""SELECT D WHERE A = '""&AH17&""' AND B = '""&AI17&""'"")))"),"") | AM17: =IFERROR(__xludf.DUMMYFUNCTION("IF(AG17="""","""",IMAGE(QUERY('Deck Info'!I:N,""SELECT E WHERE A = '""&AH17&""' AND B = '""&AI17&""'"")))"),"") | AN17: =IFERROR(__xludf.DUMMYFUNCTION("IF(AG17="""","""",IMAGE(QUERY('Deck Info'!I:N,""SELECT F WHERE A = '""&AH17&""' AND B = '""&AI17&""'"")))"),"")
A18: =IFERROR(__xludf.DUMMYFUNCTION("""COMPUTED_VALUE"""),"Pinya") -> Pinya | B18: =IFERROR(__xludf.DUMMYFUNCTION("""COMPUTED_VALUE"""),"?") -> ? | C18: =IFERROR(__xludf.DUMMYFUNCTION("""COMPUTED_VALUE"""),"?") -> ? | D18: =IFERROR(__xludf.DUMMYFUNCTION("""COMPUTED_VALUE"""),1.0) -> 1 | E18: =IFERROR(__xludf.DUMMYFUNCTION("""COMPUTED_VALUE"""),3.0) -> 3 | F18: =IFERROR(__xludf.DUMMYFUNCTION("IF(A18="""","""",IMAGE(QUERY('Deck Info'!A:F,""SELECT D WHERE A = '""&B18&""' AND B = '""&C18&""'"")))"),"") | G18: =IFERROR(__xludf.DUMMYFUNCTION("IF(A18="""","""",IMAGE(QUERY('Deck Info'!A:F,""SELECT E WHERE A = '""&B18&""' AND B = '""&C18&""'"")))"),"") | H18: =IFERROR(__xludf.DUMMYFUNCTION("IF(A18="""","""",IMAGE(QUERY('Deck Info'!A:F,""SELECT F WHERE A = '""&B18&""' AND B = '""&C18&""'"")))"),"") | I18: =IFERROR(__xludf.DUMMYFUNCTION("""COMPUTED_VALUE"""),"Agus") -> Agus | J18: =IFERROR(__xludf.DUMMYFUNCTION("""COMPUTED_VALUE"""),"?") -> ? | K18: =IFERROR(__xludf.DUMMYFUNCTION("""COMPUTED_VALUE"""),"?") -> ? | L18: =IFERROR(__xludf.DUMMYFUNCTION("""COMPUTED_VALUE"""),2.0) -> 2 | M18: =IFERROR(__xludf.DUMMYFUNCTION("""COMPUTED_VALUE"""),3.0) -> 3 | N18: =IFERROR(__xludf.DUMMYFUNCTION("IF(I18="""","""",IMAGE(QUERY('Deck Info'!A:F,""SELECT D WHERE A = '""&J18&""' AND B = '""&K18&""'"")))"),"") | O18: =IFERROR(__xludf.DUMMYFUNCTION("IF(I18="""","""",IMAGE(QUERY('Deck Info'!A:F,""SELECT E WHERE A = '""&J18&""' AND B = '""&K18&""'"")))"),"") | P18: =IFERROR(__xludf.DUMMYFUNCTION("IF(I18="""","""",IMAGE(QUERY('Deck Info'!A:F,""SELECT F WHERE A = '""&J18&""' AND B = '""&K18&""'"")))"),"") | Q18: =IFERROR(__xludf.DUMMYFUNCTION("""COMPUTED_VALUE"""),"Ruto") -> Ruto | R18: =IFERROR(__xludf.DUMMYFUNCTION("""COMPUTED_VALUE"""),"SS") -> SS | S18: =IFERROR(__xludf.DUMMYFUNCTION("""COMPUTED_VALUE"""),"Choice Door") -> Choice Door | T18: =IFERROR(__xludf.DUMMYFUNCTION("""COMPUTED_VALUE"""),1.0) -> 1 | U18: =IFERROR(__xludf.DUMMYFUNCTION("""COMPUTED_VALUE"""),3.0) -> 3 | V18: =IFERROR(__xludf.DUMMYFUNCTION("IF(Q18="""","""",IMAGE(QUERY('Deck Info'!A:F,""SELECT D WHERE A = '""&R18&""' AND B = '""&S18&""'"")))"),"") | W18: =IFERROR(__xludf.DUMMYFUNCTION("IF(Q18="""","""",IMAGE(QUERY('Deck Info'!A:F,""SELECT E WHERE A = '""&R18&""' AND B = '""&S18&""'"")))"),"") | X18: =IFERROR(__xludf.DUMMYFUNCTION("IF(Q18="""","""",IMAGE(QUERY('Deck Info'!A:F,""SELECT F WHERE A = '""&R18&""' AND B = '""&S18&""'"")))"),"") | Y18: =IFERROR(__xludf.DUMMYFUNCTION("""COMPUTED_VALUE"""),"Calvo Tieso") -> Calvo Tieso | Z18: =IFERROR(__xludf.DUMMYFUNCTION("""COMPUTED_VALUE"""),"AZL") -> AZL | AA18: =IFERROR(__xludf.DUMMYFUNCTION("""COMPUTED_VALUE"""),"6 Standby 2 Choice") -> 6 Standby 2 Choice | AB18: =IFERROR(__xludf.DUMMYFUNCTION("""COMPUTED_VALUE"""),2.0) -> 2 | AC18: =IFERROR(__xludf.DUMMYFUNCTION("""COMPUTED_VALUE"""),3.0) -> 3 | AD18: =IFERROR(__xludf.DUMMYFUNCTION("IF(Y18="""","""",IMAGE(QUERY('Deck Info'!A:F,""SELECT D WHERE A = '""&Z18&""' AND B = '""&AA18&""'"")))"),"") | AE18: =IFERROR(__xludf.DUMMYFUNCTION("IF(Y18="""","""",IMAGE(QUERY('Deck Info'!A:F,""SELECT E WHERE A = '""&Z18&""' AND B = '""&AA18&""'"")))"),"") | AF18: =IFERROR(__xludf.DUMMYFUNCTION("IF(Y18="""","""",IMAGE(QUERY('Deck Info'!A:F,""SELECT F WHERE A = '""&Z18&""' AND B = '""&AA18&""'"")))"),"") | AL18: =IFERROR(__xludf.DUMMYFUNCTION("IF(AG18="""","""",IMAGE(QUERY('Deck Info'!I:N,""SELECT D WHERE A = '""&AH18&""' AND B = '""&AI18&""'"")))"),"") | AM18: =IFERROR(__xludf.DUMMYFUNCTION("IF(AG18="""","""",IMAGE(QUERY('Deck Info'!I:N,""SELECT E WHERE A = '""&AH18&""' AND B = '""&AI18&""'"")))"),"") | AN18: =IFERROR(__xludf.DUMMYFUNCTION("IF(AG18="""","""",IMAGE(QUERY('Deck Info'!I:N,""SELECT F WHERE A = '""&AH18&""' AND B = '""&AI18&""'"")))"),"")
I19: =IFERROR(__xludf.DUMMYFUNCTION("""COMPUTED_VALUE"""),"Zeno") -> Zeno | J19: =IFERROR(__xludf.DUMMYFUNCTION("""COMPUTED_VALUE"""),"?") -> ? | K19: =IFERROR(__xludf.DUMMYFUNCTION("""COMPUTED_VALUE"""),"?") -> ? | L19: =IFERROR(__xludf.DUMMYFUNCTION("""COMPUTED_VALUE"""),2.0) -> 2 | M19: =IFERROR(__xludf.DUMMYFUNCTION("""COMPUTED_VALUE"""),3.0) -> 3 | N19: =IFERROR(__xludf.DUMMYFUNCTION("IF(I19="""","""",IMAGE(QUERY('Deck Info'!A:F,""SELECT D WHERE A = '""&J19&""' AND B = '""&K19&""'"")))"),"") | O19: =IFERROR(__xludf.DUMMYFUNCTION("IF(I19="""","""",IMAGE(QUERY('Deck Info'!A:F,""SELECT E WHERE A = '""&J19&""' AND B = '""&K19&""'"")))"),"") | P19: =IFERROR(__xludf.DUMMYFUNCTION("IF(I19="""","""",IMAGE(QUERY('Deck Info'!A:F,""SELECT F WHERE A = '""&J19&""' AND B = '""&K19&""'"")))"),"") | Q19: =IFERROR(__xludf.DUMMYFUNCTION("""COMPUTED_VALUE"""),"AC5") -> AC5 | R19: =IFERROR(__xludf.DUMMYFUNCTION("""COMPUTED_VALUE"""),"NIK") -> NIK | S19: =IFERROR(__xludf.DUMMYFUNCTION("""COMPUTED_VALUE"""),"Door Standby") -> Door Standby | T19: =IFERROR(__xludf.DUMMYFUNCTION("""COMPUTED_VALUE"""),1.0) -> 1 | U19: =IFERROR(__xludf.DUMMYFUNCTION("""COMPUTED_VALUE"""),3.0) -> 3 | V19: =IFERROR(__xludf.DUMMYFUNCTION("IF(Q19="""","""",IMAGE(QUERY('Deck Info'!A:F,""SELECT D WHERE A = '""&R19&""' AND B = '""&S19&""'"")))"),"") | W19: =IFERROR(__xludf.DUMMYFUNCTION("IF(Q19="""","""",IMAGE(QUERY('Deck Info'!A:F,""SELECT E WHERE A = '""&R19&""' AND B = '""&S19&""'"")))"),"") | X19: =IFERROR(__xludf.DUMMYFUNCTION("IF(Q19="""","""",IMAGE(QUERY('Deck Info'!A:F,""SELECT F WHERE A = '""&R19&""' AND B = '""&S19&""'"")))"),"") | Y19: =IFERROR(__xludf.DUMMYFUNCTION("""COMPUTED_VALUE"""),"Pinya") -> Pinya | Z19: =IFERROR(__xludf.DUMMYFUNCTION("""COMPUTED_VALUE"""),"EIS") -> EIS | AA19: =IFERROR(__xludf.DUMMYFUNCTION("""COMPUTED_VALUE"""),"6 Standby 2 Door") -> 6 Standby 2 Door | AB19: =IFERROR(__xludf.DUMMYFUNCTION("""COMPUTED_VALUE"""),1.0) -> 1 | AC19: =IFERROR(__xludf.DUMMYFUNCTION("""COMPUTED_VALUE"""),4.0) -> 4 | AD19: =IFERROR(__xludf.DUMMYFUNCTION("IF(Y19="""","""",IMAGE(QUERY('Deck Info'!A:F,""SELECT D WHERE A = '""&Z19&""' AND B = '""&AA19&""'"")))"),"") | AE19: =IFERROR(__xludf.DUMMYFUNCTION("IF(Y19="""","""",IMAGE(QUERY('Deck Info'!A:F,""SELECT E WHERE A = '""&Z19&""' AND B = '""&AA19&""'"")))"),"") | AF19: =IFERROR(__xludf.DUMMYFUNCTION("IF(Y19="""","""",IMAGE(QUERY('Deck Info'!A:F,""SELECT F WHERE A = '""&Z19&""' AND B = '""&AA19&""'"")))"),"") | AL19: =IFERROR(__xludf.DUMMYFUNCTION("IF(AG19="""","""",IMAGE(QUERY('Deck Info'!I:N,""SELECT D WHERE A = '""&AH19&""' AND B = '""&AI19&""'"")))"),"") | AM19: =IFERROR(__xludf.DUMMYFUNCTION("IF(AG19="""","""",IMAGE(QUERY('Deck Info'!I:N,""SELECT E WHERE A = '""&AH19&""' AND B = '""&AI19&""'"")))"),"") | AN19: =IFERROR(__xludf.DUMMYFUNCTION("IF(AG19="""","""",IMAGE(QUERY('Deck Info'!I:N,""SELECT F WHERE A = '""&AH19&""' AND B = '""&AI19&""'"")))"),"")
I20: =IFERROR(__xludf.DUMMYFUNCTION("""COMPUTED_VALUE"""),"JustFluffy") -> JustFluffy | J20: =IFERROR(__xludf.DUMMYFUNCTION("""COMPUTED_VALUE"""),"EIS") -> EIS | K20: =IFERROR(__xludf.DUMMYFUNCTION("""COMPUTED_VALUE"""),"?") -> ? | L20: =IFERROR(__xludf.DUMMYFUNCTION("""COMPUTED_VALUE"""),2.0) -> 2 | M20: =IFERROR(__xludf.DUMMYFUNCTION("""COMPUTED_VALUE"""),3.0) -> 3 | N20: =IFERROR(__xludf.DUMMYFUNCTION("IF(I20="""","""",IMAGE(QUERY('Deck Info'!A:F,""SELECT D WHERE A = '""&J20&""' AND B = '""&K20&""'"")))"),"#N/A") -> #N/A | O20: =IFERROR(__xludf.DUMMYFUNCTION("IF(I20="""","""",IMAGE(QUERY('Deck Info'!A:F,""SELECT E WHERE A = '""&J20&""' AND B = '""&K20&""'"")))"),"#N/A") -> #N/A | P20: =IFERROR(__xludf.DUMMYFUNCTION("IF(I20="""","""",IMAGE(QUERY('Deck Info'!A:F,""SELECT F WHERE A = '""&J20&""' AND B = '""&K20&""'"")))"),"#N/A") -> #N/A | V20: =IFERROR(__xludf.DUMMYFUNCTION("IF(Q20="""","""",IMAGE(QUERY('Deck Info'!I:N,""SELECT D WHERE A = '""&R20&""' AND B = '""&S20&""'"")))"),"") | W20: =IFERROR(__xludf.DUMMYFUNCTION("IF(Q20="""","""",IMAGE(QUERY('Deck Info'!I:N,""SELECT E WHERE A = '""&R20&""' AND B = '""&S20&""'"")))"),"") | X20: =IFERROR(__xludf.DUMMYFUNCTION("IF(Q20="""","""",IMAGE(QUERY('Deck Info'!I:N,""SELECT F WHERE A = '""&R20&""' AND B = '""&S20&""'"")))"),"") | Y20: =IFERROR(__xludf.DUMMYFUNCTION("""COMPUTED_VALUE"""),"Nomar") -> Nomar | Z20: =IFERROR(__xludf.DUMMYFUNCTION("""COMPUTED_VALUE"""),"RKN") -> RKN | AA20: =IFERROR(__xludf.DUMMYFUNCTION("""COMPUTED_VALUE"""),"8 StockSoul") -> 8 StockSoul | AB20: =IFERROR(__xludf.DUMMYFUNCTION("""COMPUTED_VALUE"""),1.0) -> 1 | AC20: =IFERROR(__xludf.DUMMYFUNCTION("""COMPUTED_VALUE"""),4.0) -> 4 | AD20: =IFERROR(__xludf.DUMMYFUNCTION("IF(Y20="""","""",IMAGE(QUERY('Deck Info'!A:F,""SELECT D WHERE A = '""&Z20&""' AND B = '""&AA20&""'"")))"),"") | AE20: =IFERROR(__xludf.DUMMYFUNCTION("IF(Y20="""","""",IMAGE(QUERY('Deck Info'!A:F,""SELECT E WHERE A = '""&Z20&""' AND B = '""&AA20&""'"")))"),"") | AF20: =IFERROR(__xludf.DUMMYFUNCTION("IF(Y20="""","""",IMAGE(QUERY('Deck Info'!A:F,""SELECT F WHERE A = '""&Z20&""' AND B = '""&AA20&""'"")))"),"") | AL20: =IFERROR(__xludf.DUMMYFUNCTION("IF(AG20="""","""",IMAGE(QUERY('Deck Info'!I:N,""SELECT D WHERE A = '""&AH20&""' AND B = '""&AI20&""'"")))"),"") | AM20: =IFERROR(__xludf.DUMMYFUNCTION("IF(AG20="""","""",IMAGE(QUERY('Deck Info'!I:N,""SELECT E WHERE A = '""&AH20&""' AND B = '""&AI20&""'"")))"),"") | AN20: =IFERROR(__xludf.DUMMYFUNCTION("IF(AG20="""","""",IMAGE(QUERY('Deck Info'!I:N,""SELECT F WHERE A = '""&AH20&""' AND B = '""&AI20&""'"")))"),"")
I21: =IFERROR(__xludf.DUMMYFUNCTION("""COMPUTED_VALUE"""),"Gra") -> Gra | J21: =IFERROR(__xludf.DUMMYFUNCTION("""COMPUTED_VALUE"""),"?") -> ? | K21: =IFERROR(__xludf.DUMMYFUNCTION("""COMPUTED_VALUE"""),"?") -> ? | L21: =IFERROR(__xludf.DUMMYFUNCTION("""COMPUTED_VALUE"""),2.0) -> 2 | M21: =IFERROR(__xludf.DUMMYFUNCTION("""COMPUTED_VALUE"""),3.0) -> 3 | N21: =IFERROR(__xludf.DUMMYFUNCTION("IF(I21="""","""",IMAGE(QUERY('Deck Info'!A:F,""SELECT D WHERE A = '""&J21&""' AND B = '""&K21&""'"")))"),"") | O21: =IFERROR(__xludf.DUMMYFUNCTION("IF(I21="""","""",IMAGE(QUERY('Deck Info'!A:F,""SELECT E WHERE A = '""&J21&""' AND B = '""&K21&""'"")))"),"") | P21: =IFERROR(__xludf.DUMMYFUNCTION("IF(I21="""","""",IMAGE(QUERY('Deck Info'!A:F,""SELECT F WHERE A = '""&J21&""' AND B = '""&K21&""'"")))"),"") | V21: =IFERROR(__xludf.DUMMYFUNCTION("IF(Q21="""","""",IMAGE(QUERY('Deck Info'!I:N,""SELECT D WHERE A = '""&R21&""' AND B = '""&S21&""'"")))"),"") | W21: =IFERROR(__xludf.DUMMYFUNCTION("IF(Q21="""","""",IMAGE(QUERY('Deck Info'!I:N,""SELECT E WHERE A = '""&R21&""' AND B = '""&S21&""'"")))"),"") | X21: =IFERROR(__xludf.DUMMYFUNCTION("IF(Q21="""","""",IMAGE(QUERY('Deck Info'!I:N,""SELECT F WHERE A = '""&R21&""' AND B = '""&S21&""'"")))"),"") | Y21: =IFERROR(__xludf.DUMMYFUNCTION("""COMPUTED_VALUE"""),"Yuu2be") -> Yuu2be | Z21: =IFERROR(__xludf.DUMMYFUNCTION("""COMPUTED_VALUE"""),"?") -> ? | AA21: =IFERROR(__xludf.DUMMYFUNCTION("""COMPUTED_VALUE"""),"?") -> ? | AB21: =IFERROR(__xludf.DUMMYFUNCTION("""COMPUTED_VALUE"""),1.0) -> 1 | AC21: =IFERROR(__xludf.DUMMYFUNCTION("""COMPUTED_VALUE"""),4.0) -> 4 | AD21: =IFERROR(__xludf.DUMMYFUNCTION("IF(Y21="""","""",IMAGE(QUERY('Deck Info'!A:F,""SELECT D WHERE A = '""&Z21&""' AND B = '""&AA21&""'"")))"),"") | AE21: =IFERROR(__xludf.DUMMYFUNCTION("IF(Y21="""","""",IMAGE(QUERY('Deck Info'!A:F,""SELECT E WHERE A = '""&Z21&""' AND B = '""&AA21&""'"")))"),"") | AF21: =IFERROR(__xludf.DUMMYFUNCTION("IF(Y21="""","""",IMAGE(QUERY('Deck Info'!A:F,""SELECT F WHERE A = '""&Z21&""' AND B = '""&AA21&""'"")))"),"") | AL21: =IFERROR(__xludf.DUMMYFUNCTION("IF(AG21="""","""",IMAGE(QUERY('Deck Info'!I:N,""SELECT D WHERE A = '""&AH21&""' AND B = '""&AI21&""'"")))"),"") | AM21: =IFERROR(__xludf.DUMMYFUNCTION("IF(AG21="""","""",IMAGE(QUERY('Deck Info'!I:N,""SELECT E WHERE A = '""&AH21&""' AND B = '""&AI21&""'"")))"),"") | AN21: =IFERROR(__xludf.DUMMYFUNCTION("IF(AG21="""","""",IMAGE(QUERY('Deck Info'!I:N,""SELECT F WHERE A = '""&AH21&""' AND B = '""&AI21&""'"")))"),"")
I22: =IFERROR(__xludf.DUMMYFUNCTION("""COMPUTED_VALUE"""),"Kartoffel") -> Kartoffel | J22: =IFERROR(__xludf.DUMMYFUNCTION("""COMPUTED_VALUE"""),"MKI") -> MKI | K22: =IFERROR(__xludf.DUMMYFUNCTION("""COMPUTED_VALUE"""),"8 Door") -> 8 Door | L22: =IFERROR(__xludf.DUMMYFUNCTION("""COMPUTED_VALUE"""),1.0) -> 1 | M22: =IFERROR(__xludf.DUMMYFUNCTION("""COMPUTED_VALUE"""),4.0) -> 4 | N22: =IFERROR(__xludf.DUMMYFUNCTION("IF(I22="""","""",IMAGE(QUERY('Deck Info'!A:F,""SELECT D WHERE A = '""&J22&""' AND B = '""&K22&""'"")))"),"") | O22: =IFERROR(__xludf.DUMMYFUNCTION("IF(I22="""","""",IMAGE(QUERY('Deck Info'!A:F,""SELECT E WHERE A = '""&J22&""' AND B = '""&K22&""'"")))"),"") | P22: =IFERROR(__xludf.DUMMYFUNCTION("IF(I22="""","""",IMAGE(QUERY('Deck Info'!A:F,""SELECT F WHERE A = '""&J22&""' AND B = '""&K22&""'"")))"),"") | V22: =IFERROR(__xludf.DUMMYFUNCTION("IF(Q22="""","""",IMAGE(QUERY('Deck Info'!I:N,""SELECT D WHERE A = '""&R22&""' AND B = '""&S22&""'"")))"),"") | W22: =IFERROR(__xludf.DUMMYFUNCTION("IF(Q22="""","""",IMAGE(QUERY('Deck Info'!I:N,""SELECT E WHERE A = '""&R22&""' AND B = '""&S22&""'"")))"),"") | X22: =IFERROR(__xludf.DUMMYFUNCTION("IF(Q22="""","""",IMAGE(QUERY('Deck Info'!I:N,""SELECT F WHERE A = '""&R22&""' AND B = '""&S22&""'"")))"),"") | Y22: =IFERROR(__xludf.DUMMYFUNCTION("""COMPUTED_VALUE"""),"Ostrovsky15") -> Ostrovsky15 | Z22: =IFERROR(__xludf.DUMMYFUNCTION("""COMPUTED_VALUE"""),"OSK") -> OSK | AA22: =IFERROR(__xludf.DUMMYFUNCTION("""COMPUTED_VALUE"""),"Door Pants") -> Door Pants | AB22: =IFERROR(__xludf.DUMMYFUNCTION("""COMPUTED_VALUE"""),0.0) -> 0 | AC22: =IFERROR(__xludf.DUMMYFUNCTION("""COMPUTED_VALUE"""),2.0) -> 2 | AD22: =IFERROR(__xludf.DUMMYFUNCTION("IF(Y22="""","""",IMAGE(QUERY('Deck Info'!A:F,""SELECT D WHERE A = '""&Z22&""' AND B = '""&AA22&""'"")))"),"") | AE22: =IFERROR(__xludf.DUMMYFUNCTION("IF(Y22="""","""",IMAGE(QUERY('Deck Info'!A:F,""SELECT E WHERE A = '""&Z22&""' AND B = '""&AA22&""'"")))"),"") | AF22: =IFERROR(__xludf.DUMMYFUNCTION("IF(Y22="""","""",IMAGE(QUERY('Deck Info'!A:F,""SELECT F WHERE A = '""&Z22&""' AND B = '""&AA22&""'"")))"),"") | AL22: =IFERROR(__xludf.DUMMYFUNCTION("IF(AG22="""","""",IMAGE(QUERY('Deck Info'!I:N,""SELECT D WHERE A = '""&AH22&""' AND B = '""&AI22&""'"")))"),"") | AM22: =IFERROR(__xludf.DUMMYFUNCTION("IF(AG22="""","""",IMAGE(QUERY('Deck Info'!I:N,""SELECT E WHERE A = '""&AH22&""' AND B = '""&AI22&""'"")))"),"") | AN22: =IFERROR(__xludf.DUMMYFUNCTION("IF(AG22="""","""",IMAGE(QUERY('Deck Info'!I:N,""SELECT F WHERE A = '""&AH22&""' AND B = '""&AI22&""'"")))"),"")
I23: =IFERROR(__xludf.DUMMYFUNCTION("""COMPUTED_VALUE"""),"PavonShinigami") -> PavonShinigami | J23: =IFERROR(__xludf.DUMMYFUNCTION("""COMPUTED_VALUE"""),"FT") -> FT | K23: =IFERROR(__xludf.DUMMYFUNCTION("""COMPUTED_VALUE"""),"Bar Choice") -> Bar Choice | L23: =IFERROR(__xludf.DUMMYFUNCTION("""COMPUTED_VALUE"""),1.0) -> 1 | M23: =IFERROR(__xludf.DUMMYFUNCTION("""COMPUTED_VALUE"""),4.0) -> 4 | N23: =IFERROR(__xludf.DUMMYFUNCTION("IF(I23="""","""",IMAGE(QUERY('Deck Info'!A:F,""SELECT D WHERE A = '""&J23&""' AND B = '""&K23&""'"")))"),"") | O23: =IFERROR(__xludf.DUMMYFUNCTION("IF(I23="""","""",IMAGE(QUERY('Deck Info'!A:F,""SELECT E WHERE A = '""&J23&""' AND B = '""&K23&""'"")))"),"") | P23: =IFERROR(__xludf.DUMMYFUNCTION("IF(I23="""","""",IMAGE(QUERY('Deck Info'!A:F,""SELECT F WHERE A = '""&J23&""' AND B = '""&K23&""'"")))"),"") | V23: =IFERROR(__xludf.DUMMYFUNCTION("IF(Q23="""","""",IMAGE(QUERY('Deck Info'!I:N,""SELECT D WHERE A = '""&R23&""' AND B = '""&S23&""'"")))"),"") | W23: =IFERROR(__xludf.DUMMYFUNCTION("IF(Q23="""","""",IMAGE(QUERY('Deck Info'!I:N,""SELECT E WHERE A = '""&R23&""' AND B = '""&S23&""'"")))"),"") | X23: =IFERROR(__xludf.DUMMYFUNCTION("IF(Q23="""","""",IMAGE(QUERY('Deck Info'!I:N,""SELECT F WHERE A = '""&R23&""' AND B = '""&S23&""'"")))"),"") | AD23: =IFERROR(__xludf.DUMMYFUNCTION("IF(Y23="""","""",IMAGE(QUERY('Deck Info'!Q:V,""SELECT D WHERE A = '""&Z23&""' AND B = '""&AA23&""'"")))"),"") | AE23: =IFERROR(__xludf.DUMMYFUNCTION("IF(Y23="""","""",IMAGE(QUERY('Deck Info'!Q:V,""SELECT E WHERE A = '""&Z23&""' AND B = '""&AA23&""'"")))"),"") | AF23: =IFERROR(__xludf.DUMMYFUNCTION("IF(Y23="""","""",IMAGE(QUERY('Deck Info'!Q:V,""SELECT F WHERE A = '""&Z23&""' AND B = '""&AA23&""'"")))"),"") | AL23: =IFERROR(__xludf.DUMMYFUNCTION("IF(AG23="""","""",IMAGE(QUERY('Deck Info'!Y:AD,""SELECT D WHERE A = '""&AH23&""' AND B = '""&AI23&""'"")))"),"") | AM23: =IFERROR(__xludf.DUMMYFUNCTION("IF(AG23="""","""",IMAGE(QUERY('Deck Info'!Y:AD,""SELECT E WHERE A = '""&AH23&""' AND B = '""&AI23&""'"")))"),"")
I24: =IFERROR(__xludf.DUMMYFUNCTION("""COMPUTED_VALUE"""),"Ruto") -> Ruto | J24: =IFERROR(__xludf.DUMMYFUNCTION("""COMPUTED_VALUE"""),"SAO") -> SAO | K24: =IFERROR(__xludf.DUMMYFUNCTION("""COMPUTED_VALUE"""),"8 Bar Yuna") -> 8 Bar Yuna | L24: =IFERROR(__xludf.DUMMYFUNCTION("""COMPUTED_VALUE"""),1.0) -> 1 | M24: =IFERROR(__xludf.DUMMYFUNCTION("""COMPUTED_VALUE"""),4.0) -> 4 | N24: =IFERROR(__xludf.DUMMYFUNCTION("IF(I24="""","""",IMAGE(QUERY('Deck Info'!A:F,""SELECT D WHERE A = '""&J24&""' AND B = '""&K24&""'"")))"),"") | O24: =IFERROR(__xludf.DUMMYFUNCTION("IF(I24="""","""",IMAGE(QUERY('Deck Info'!A:F,""SELECT E WHERE A = '""&J24&""' AND B = '""&K24&""'"")))"),"") | P24: =IFERROR(__xludf.DUMMYFUNCTION("IF(I24="""","""",IMAGE(QUERY('Deck Info'!A:F,""SELECT F WHERE A = '""&J24&""' AND B = '""&K24&""'"")))"),"") | V24: =IFERROR(__xludf.DUMMYFUNCTION("IF(Q24="""","""",IMAGE(QUERY('Deck Info'!I:N,""SELECT D WHERE A = '""&R24&""' AND B = '""&S24&""'"")))"),"") | W24: =IFERROR(__xludf.DUMMYFUNCTION("IF(Q24="""","""",IMAGE(QUERY('Deck Info'!I:N,""SELECT E WHERE A = '""&R24&""' AND B = '""&S24&""'"")))"),"") | X24: =IFERROR(__xludf.DUMMYFUNCTION("IF(Q24="""","""",IMAGE(QUERY('Deck Info'!I:N,""SELECT F WHERE A = '""&R24&""' AND B = '""&S24&""'"")))"),"") | AD24: =IFERROR(__xludf.DUMMYFUNCTION("IF(Y24="""","""",IMAGE(QUERY('Deck Info'!Q:V,""SELECT D WHERE A = '""&Z24&""' AND B = '""&AA24&""'"")))"),"") | AE24: =IFERROR(__xludf.DUMMYFUNCTION("IF(Y24="""","""",IMAGE(QUERY('Deck Info'!Q:V,""SELECT E WHERE A = '""&Z24&""' AND B = '""&AA24&""'"")))"),"") | AF24: =IFERROR(__xludf.DUMMYFUNCTION("IF(Y24="""","""",IMAGE(QUERY('Deck Info'!Q:V,""SELECT F WHERE A = '""&Z24&""' AND B = '""&AA24&""'"")))"),"") | AL24: =IFERROR(__xludf.DUMMYFUNCTION("IF(AG24="""","""",IMAGE(QUERY('Deck Info'!Y:AD,""SELECT D WHERE A = '""&AH24&""' AND B = '""&AI24&""'"")))"),"") | AM24: =IFERROR(__xludf.DUMMYFUNCTION("IF(AG24="""","""",IMAGE(QUERY('Deck Info'!Y:AD,""SELECT E WHERE A = '""&AH24&""' AND B = '""&AI24&""'"")))"),"")

Sheet Asistencia
A1: ID | B1: Fecha | C1: Jugadores
A2: =IFERROR(__xludf.DUMMYFUNCTION("QUERY( UNIQUE({'Raw Data'!I:I, 'Raw Data'!B:B, 'Raw Data'!C:C}), ""SELECT Col1,Col2,COUNT(Col3) WHERE Col1 IS NOT NULL GROUP BY Col1,Col2 ORDER BY Col1 DESC LABEL Col1 '', Col2 '', COUNT(Col3) ''"", 0 )"),7.0) -> 7 | B2: =IFERROR(__xludf.DUMMYFUNCTION("""COMPUTED_VALUE"""),46186.0) -> 46186 | C2: =IFERROR(__xludf.DUMMYFUNCTION("""COMPUTED_VALUE"""),14.0) -> 14 | E2: Asistencia Total Mes | G2: Jugadores individuales que han participado en el mes actual
A3: =IFERROR(__xludf.DUMMYFUNCTION("""COMPUTED_VALUE"""),6.0) -> 6 | B3: =IFERROR(__xludf.DUMMYFUNCTION("""COMPUTED_VALUE"""),46179.0) -> 46179 | C3: =IFERROR(__xludf.DUMMYFUNCTION("""COMPUTED_VALUE"""),11.0) -> 11 | E3: =IFERROR(__xludf.DUMMYFUNCTION("ROWS( UNIQUE( FILTER( {'Raw Data'!I:I, 'Raw Data'!C:C}, 'Raw Data'!B:B>=DATE(YEAR(TODAY()),MONTH(TODAY()),1) ) ) )"),1.0) -> 1 | G3: =IFERROR(__xludf.DUMMYFUNCTION("COUNTUNIQUE( FILTER( 'Raw Data'!C:C, 'Raw Data'!B:B>=DATE(YEAR(TODAY()),MONTH(TODAY()),1) ) )"),1.0) -> 1
A4: =IFERROR(__xludf.DUMMYFUNCTION("""COMPUTED_VALUE"""),5.0) -> 5 | B4: =IFERROR(__xludf.DUMMYFUNCTION("""COMPUTED_VALUE"""),46172.0) -> 46172 | C4: =IFERROR(__xludf.DUMMYFUNCTION("""COMPUTED_VALUE"""),11.0) -> 11 | E4: Participantes Temporada | G4: Participantes individuales Temporada
A5: =IFERROR(__xludf.DUMMYFUNCTION("""COMPUTED_VALUE"""),4.0) -> 4 | B5: =IFERROR(__xludf.DUMMYFUNCTION("""COMPUTED_VALUE"""),46165.0) -> 46165 | C5: =IFERROR(__xludf.DUMMYFUNCTION("""COMPUTED_VALUE"""),19.0) -> 19 | E5: =SUM(C:C) -> 107 | G5: =IFERROR(__xludf.DUMMYFUNCTION("COUNTUNIQUE('Raw Data'!C:C)"),34.0) -> 34
A6: =IFERROR(__xludf.DUMMYFUNCTION("""COMPUTED_VALUE"""),3.0) -> 3 | B6: =IFERROR(__xludf.DUMMYFUNCTION("""COMPUTED_VALUE"""),46158.0) -> 46158 | C6: =IFERROR(__xludf.DUMMYFUNCTION("""COMPUTED_VALUE"""),16.0) -> 16 | E6: Mejor Asistencia del mes
A7: =IFERROR(__xludf.DUMMYFUNCTION("""COMPUTED_VALUE"""),2.0) -> 2 | B7: =IFERROR(__xludf.DUMMYFUNCTION("""COMPUTED_VALUE"""),46151.0) -> 46151 | C7: =IFERROR(__xludf.DUMMYFUNCTION("""COMPUTED_VALUE"""),21.0) -> 21 | E7: =IFERROR(__xludf.DUMMYFUNCTION("MAX( FILTER( C:C, MONTH(B:B)=MONTH(TODAY()), YEAR(B:B)=YEAR(TODAY()) ) )"),"#N/A") -> #N/A
A8: =IFERROR(__xludf.DUMMYFUNCTION("""COMPUTED_VALUE"""),1.0) -> 1 | B8: =IFERROR(__xludf.DUMMYFUNCTION("""COMPUTED_VALUE"""),46144.0) -> 46144 | C8: =IFERROR(__xludf.DUMMYFUNCTION("""COMPUTED_VALUE"""),15.0) -> 15 | E8: Record Temporada
E9: =MAX(C:C) -> 21

Sheet Resultados_Individuales
A2: JUGADOR | D2: =IFERROR(__xludf.DUMMYFUNCTION("IF(A3="""","""",IMAGE(QUERY('Player Refs'!A:B,""SELECT B WHERE A = '""&A3&""' AND A = '""&A3&""'"")))"),"")
A3: Mualco
A14: PAIRINGS INDIVIDUALES | L14: Winrate Temporada | Q14: Winrate x Set | W14: Winrate x (Set+Deck)
A15: ID Torneo | B15: Fecha | C15: Ronda | D15: Jugador | E15: Set | F15: ARQ | G15: RIVAL | H15: Set | I15: ARQ | J15: Resultado | L15: Jugadas | M15: Win Totales | N15: Losses Totales | O15: Win% Temporada | Q15: =IFERROR(__xludf.DUMMYFUNCTION("QUERY( 'Raw Data'!C:G, ""SELECT Col2, SUM(Col4), SUM(Col5), SUM(Col4)+SUM(Col5) WHERE Col1 = '""&A3&""' GROUP BY Col2 LABEL Col2 'Set', SUM(Col4) 'Wins', SUM(Col5) 'Losses', SUM(Col4)+SUM(Col5) 'Partidas'"", 1 )"),"Set") -> Set | R15: =IFERROR(__xludf.DUMMYFUNCTION("""COMPUTED_VALUE"""),"Wins") -> Wins | S15: =IFERROR(__xludf.DUMMYFUNCTION("""COMPUTED_VALUE"""),"Losses") -> Losses | T15: =IFERROR(__xludf.DUMMYFUNCTION("""COMPUTED_VALUE"""),"Partidas") -> Partidas | U15: Win% x Set | W15: =IFERROR(__xludf.DUMMYFUNCTION("QUERY( 'Raw Data'!C:G, ""SELECT Col2, Col3, SUM(Col4), SUM(Col5), SUM(Col4)+SUM(Col5) WHERE Col1 = '""&A3&""' GROUP BY Col2,Col3 LABEL Col2 'Set', Col3 'Deck', SUM(Col4) 'Wins', SUM(Col5) 'Losses', SUM(Col4)+SUM(Col5)"&" 'Partidas'"", 1 )"),"Set") -> Set | X15: =IFERROR(__xludf.DUMMYFUNCTION("""COMPUTED_VALUE"""),"Deck") -> Deck | Y15: =IFERROR(__xludf.DUMMYFUNCTION("""COMPUTED_VALUE"""),"Wins") -> Wins | Z15: =IFERROR(__xludf.DUMMYFUNCTION("""COMPUTED_VALUE"""),"Losses") -> Losses | AA15: =IFERROR(__xludf.DUMMYFUNCTION("""COMPUTED_VALUE"""),"Partidas") -> Partidas | AB15: Win% x Set
A16: =IFERROR(__xludf.DUMMYFUNCTION("SORT( FILTER( 'RAW RESULTS'!A:J, 'RAW RESULTS'!D:D=$A$3 ), 2, FALSE )"),6.0) -> 6 | B16: =IFERROR(__xludf.DUMMYFUNCTION("""COMPUTED_VALUE"""),46179.0) -> 46179 | C16: =IFERROR(__xludf.DUMMYFUNCTION("""COMPUTED_VALUE"""),1.0) -> 1 | D16: =IFERROR(__xludf.DUMMYFUNCTION("""COMPUTED_VALUE"""),"Mualco") -> Mualco | E16: =IFERROR(__xludf.DUMMYFUNCTION("""COMPUTED_VALUE"""),"Fxx") -> Fxx | F16: =IFERROR(__xludf.DUMMYFUNCTION("""COMPUTED_VALUE"""),"8 Standby") -> 8 Standby | H16: =IFERROR(__xludf.DUMMYFUNCTION("""COMPUTED_VALUE"""),"MKI") -> MKI | I16: =IFERROR(__xludf.DUMMYFUNCTION("""COMPUTED_VALUE"""),"Standby Pants") -> Standby Pants | J16: =IFERROR(__xludf.DUMMYFUNCTION("""COMPUTED_VALUE"""),"W") -> W | L16: =SUMIF('Raw Data'!C:C,A3,'Raw Data'!F:F) + SUMIF('Raw Data'!C:C,A3,'Raw Data'!G:G) -> 22 | M16: =SUMIF('Raw Data'!C:C,A3,'Raw Data'!F:F) -> 10 | N16: =SUMIF('Raw Data'!C:C,A3,'Raw Data'!G:G) -> 12 | O16: =IFERROR( SUMIF('Raw Data'!C:C,A3,'Raw Data'!F:F) / ( SUMIF('Raw Data'!C:C,A3,'Raw Data'!F:F) + SUMIF('Raw Data'!C:C,A3,'Raw Data'!G:G) ), 0 ) -> 0.45454545 | Q16: =IFERROR(__xludf.DUMMYFUNCTION("""COMPUTED_VALUE"""),"?") -> ? | R16: =IFERROR(__xludf.DUMMYFUNCTION("""COMPUTED_VALUE"""),3.0) -> 3 | S16: =IFERROR(__xludf.DUMMYFUNCTION("""COMPUTED_VALUE"""),2.0) -> 2 | T16: =IFERROR(__xludf.DUMMYFUNCTION("""COMPUTED_VALUE"""),5.0) -> 5 | U16: =IFERROR( R16/(R16+S16), 0 ) -> 0.6 | W16: =IFERROR(__xludf.DUMMYFUNCTION("""COMPUTED_VALUE"""),"?") -> ? | X16: =IFERROR(__xludf.DUMMYFUNCTION("""COMPUTED_VALUE"""),"?") -> ? | Y16: =IFERROR(__xludf.DUMMYFUNCTION("""COMPUTED_VALUE"""),3.0) -> 3 | Z16: =IFERROR(__xludf.DUMMYFUNCTION("""COMPUTED_VALUE"""),2.0) -> 2 | AA16: =IFERROR(__xludf.DUMMYFUNCTION("""COMPUTED_VALUE"""),5.0) -> 5 | AB16: =IFERROR( Y16/(Y16+Z16), 0 ) -> 0.6
A17: =IFERROR(__xludf.DUMMYFUNCTION("""COMPUTED_VALUE"""),6.0) -> 6 | B17: =IFERROR(__xludf.DUMMYFUNCTION("""COMPUTED_VALUE"""),46179.0) -> 46179 | C17: =IFERROR(__xludf.DUMMYFUNCTION("""COMPUTED_VALUE"""),2.0) -> 2 | D17: =IFERROR(__xludf.DUMMYFUNCTION("""COMPUTED_VALUE"""),"Mualco") -> Mualco | E17: =IFERROR(__xludf.DUMMYFUNCTION("""COMPUTED_VALUE"""),"Fxx") -> Fxx | F17: =IFERROR(__xludf.DUMMYFUNCTION("""COMPUTED_VALUE"""),"8 Standby") -> 8 Standby | G17: =IFERROR(__xludf.DUMMYFUNCTION("""COMPUTED_VALUE"""),"Kartoffel") -> Kartoffel | H17: =IFERROR(__xludf.DUMMYFUNCTION("""COMPUTED_VALUE"""),"CSM") -> CSM | I17: =IFERROR(__xludf.DUMMYFUNCTION("""COMPUTED_VALUE"""),"StockSoul Bar") -> StockSoul Bar | J17: =IFERROR(__xludf.DUMMYFUNCTION("""COMPUTED_VALUE"""),"L") -> L | Q17: =IFERROR(__xludf.DUMMYFUNCTION("""COMPUTED_VALUE"""),"BTR") -> BTR | R17: =IFERROR(__xludf.DUMMYFUNCTION("""COMPUTED_VALUE"""),1.0) -> 1 | S17: =IFERROR(__xludf.DUMMYFUNCTION("""COMPUTED_VALUE"""),3.0) -> 3 | T17: =IFERROR(__xludf.DUMMYFUNCTION("""COMPUTED_VALUE"""),4.0) -> 4 | U17: =IFERROR( R17/(R17+S17), 0 ) -> 0.25 | W17: =IFERROR(__xludf.DUMMYFUNCTION("""COMPUTED_VALUE"""),"BTR") -> BTR | X17: =IFERROR(__xludf.DUMMYFUNCTION("""COMPUTED_VALUE"""),"Door Bar") -> Door Bar | Y17: =IFERROR(__xludf.DUMMYFUNCTION("""COMPUTED_VALUE"""),1.0) -> 1 | Z17: =IFERROR(__xludf.DUMMYFUNCTION("""COMPUTED_VALUE"""),3.0) -> 3 | AA17: =IFERROR(__xludf.DUMMYFUNCTION("""COMPUTED_VALUE"""),4.0) -> 4 | AB17: =IFERROR( Y17/(Y17+Z17), 0 ) -> 0.25
A18: =IFERROR(__xludf.DUMMYFUNCTION("""COMPUTED_VALUE"""),6.0) -> 6 | B18: =IFERROR(__xludf.DUMMYFUNCTION("""COMPUTED_VALUE"""),46179.0) -> 46179 | C18: =IFERROR(__xludf.DUMMYFUNCTION("""COMPUTED_VALUE"""),3.0) -> 3 | D18: =IFERROR(__xludf.DUMMYFUNCTION("""COMPUTED_VALUE"""),"Mualco") -> Mualco | E18: =IFERROR(__xludf.DUMMYFUNCTION("""COMPUTED_VALUE"""),"Fxx") -> Fxx | F18: =IFERROR(__xludf.DUMMYFUNCTION("""COMPUTED_VALUE"""),"8 Standby") -> 8 Standby | G18: =IFERROR(__xludf.DUMMYFUNCTION("""COMPUTED_VALUE"""),"JustFluffy") -> JustFluffy | H18: =IFERROR(__xludf.DUMMYFUNCTION("""COMPUTED_VALUE"""),"BAV") -> BAV | I18: =IFERROR(__xludf.DUMMYFUNCTION("""COMPUTED_VALUE"""),"Bar Choice") -> Bar Choice | J18: =IFERROR(__xludf.DUMMYFUNCTION("""COMPUTED_VALUE"""),"W") -> W | Q18: =IFERROR(__xludf.DUMMYFUNCTION("""COMPUTED_VALUE"""),"Fxx") -> Fxx | R18: =IFERROR(__xludf.DUMMYFUNCTION("""COMPUTED_VALUE"""),2.0) -> 2 | S18: =IFERROR(__xludf.DUMMYFUNCTION("""COMPUTED_VALUE"""),2.0) -> 2 | T18: =IFERROR(__xludf.DUMMYFUNCTION("""COMPUTED_VALUE"""),4.0) -> 4 | U18: =IFERROR( R18/(R18+S18), 0 ) -> 0.5 | W18: =IFERROR(__xludf.DUMMYFUNCTION("""COMPUTED_VALUE"""),"Fxx") -> Fxx | X18: =IFERROR(__xludf.DUMMYFUNCTION("""COMPUTED_VALUE"""),"8 Standby") -> 8 Standby | Y18: =IFERROR(__xludf.DUMMYFUNCTION("""COMPUTED_VALUE"""),2.0) -> 2 | Z18: =IFERROR(__xludf.DUMMYFUNCTION("""COMPUTED_VALUE"""),2.0) -> 2 | AA18: =IFERROR(__xludf.DUMMYFUNCTION("""COMPUTED_VALUE"""),4.0) -> 4 | AB18: =IFERROR( Y18/(Y18+Z18), 0 ) -> 0.5
A19: =IFERROR(__xludf.DUMMYFUNCTION("""COMPUTED_VALUE"""),6.0) -> 6 | B19: =IFERROR(__xludf.DUMMYFUNCTION("""COMPUTED_VALUE"""),46179.0) -> 46179 | C19: =IFERROR(__xludf.DUMMYFUNCTION("""COMPUTED_VALUE"""),4.0) -> 4 | D19: =IFERROR(__xludf.DUMMYFUNCTION("""COMPUTED_VALUE"""),"Mualco") -> Mualco | E19: =IFERROR(__xludf.DUMMYFUNCTION("""COMPUTED_VALUE"""),"Fxx") -> Fxx | F19: =IFERROR(__xludf.DUMMYFUNCTION("""COMPUTED_VALUE"""),"8 Standby") -> 8 Standby | G19: =IFERROR(__xludf.DUMMYFUNCTION("""COMPUTED_VALUE"""),"Pinya") -> Pinya | H19: =IFERROR(__xludf.DUMMYFUNCTION("""COMPUTED_VALUE"""),"EIS") -> EIS | I19: =IFERROR(__xludf.DUMMYFUNCTION("""COMPUTED_VALUE"""),"8 Door") -> 8 Door | J19: =IFERROR(__xludf.DUMMYFUNCTION("""COMPUTED_VALUE"""),"L") -> L | L19: Winrate x Rival | Q19: =IFERROR(__xludf.DUMMYFUNCTION("""COMPUTED_VALUE"""),"GCR") -> GCR | R19: =IFERROR(__xludf.DUMMYFUNCTION("""COMPUTED_VALUE"""),4.0) -> 4 | S19: =IFERROR(__xludf.DUMMYFUNCTION("""COMPUTED_VALUE"""),5.0) -> 5 | T19: =IFERROR(__xludf.DUMMYFUNCTION("""COMPUTED_VALUE"""),9.0) -> 9 | U19: =IFERROR( R19/(R19+S19), 0 ) -> 0.44444444 | W19: =IFERROR(__xludf.DUMMYFUNCTION("""COMPUTED_VALUE"""),"GCR") -> GCR | X19: =IFERROR(__xludf.DUMMYFUNCTION("""COMPUTED_VALUE"""),"8 Door") -> 8 Door | Y19: =IFERROR(__xludf.DUMMYFUNCTION("""COMPUTED_VALUE"""),4.0) -> 4 | Z19: =IFERROR(__xludf.DUMMYFUNCTION("""COMPUTED_VALUE"""),5.0) -> 5 | AA19: =IFERROR(__xludf.DUMMYFUNCTION("""COMPUTED_VALUE"""),9.0) -> 9 | AB19: =IFERROR( Y19/(Y19+Z19), 0 ) -> 0.44444444
A20: =IFERROR(__xludf.DUMMYFUNCTION("""COMPUTED_VALUE"""),5.0) -> 5 | B20: =IFERROR(__xludf.DUMMYFUNCTION("""COMPUTED_VALUE"""),46172.0) -> 46172 | C20: =IFERROR(__xludf.DUMMYFUNCTION("""COMPUTED_VALUE"""),1.0) -> 1 | D20: =IFERROR(__xludf.DUMMYFUNCTION("""COMPUTED_VALUE"""),"Mualco") -> Mualco | E20: =IFERROR(__xludf.DUMMYFUNCTION("""COMPUTED_VALUE"""),"GCR") -> GCR | F20: =IFERROR(__xludf.DUMMYFUNCTION("""COMPUTED_VALUE"""),"8 Door") -> 8 Door | G20: =IFERROR(__xludf.DUMMYFUNCTION("""COMPUTED_VALUE"""),"Pinya") -> Pinya | H20: =IFERROR(__xludf.DUMMYFUNCTION("""COMPUTED_VALUE"""),"EIS") -> EIS | I20: =IFERROR(__xludf.DUMMYFUNCTION("""COMPUTED_VALUE"""),"6 Standby 2 Door") -> 6 Standby 2 Door | J20: =IFERROR(__xludf.DUMMYFUNCTION("""COMPUTED_VALUE"""),"L") -> L | L20: RIVAL | M20: Wins | N20: Losses | O20: Win% contra Rival | U20: =IFERROR( R20/(R20+S20), 0 ) -> 0 | AB20: =IFERROR( Y20/(Y20+Z20), 0 ) -> 0
A21: =IFERROR(__xludf.DUMMYFUNCTION("""COMPUTED_VALUE"""),5.0) -> 5 | B21: =IFERROR(__xludf.DUMMYFUNCTION("""COMPUTED_VALUE"""),46172.0) -> 46172 | C21: =IFERROR(__xludf.DUMMYFUNCTION("""COMPUTED_VALUE"""),2.0) -> 2 | D21: =IFERROR(__xludf.DUMMYFUNCTION("""COMPUTED_VALUE"""),"Mualco") -> Mualco | E21: =IFERROR(__xludf.DUMMYFUNCTION("""COMPUTED_VALUE"""),"GCR") -> GCR | F21: =IFERROR(__xludf.DUMMYFUNCTION("""COMPUTED_VALUE"""),"8 Door") -> 8 Door | G21: =IFERROR(__xludf.DUMMYFUNCTION("""COMPUTED_VALUE"""),"?") -> ? | H21: =IFERROR(__xludf.DUMMYFUNCTION("""COMPUTED_VALUE"""),"NIK") -> NIK | I21: =IFERROR(__xludf.DUMMYFUNCTION("""COMPUTED_VALUE"""),"Door Standby") -> Door Standby | J21: =IFERROR(__xludf.DUMMYFUNCTION("""COMPUTED_VALUE"""),"W") -> W | L21: =IFERROR(__xludf.DUMMYFUNCTION("UNIQUE( FILTER( 'RAW RESULTS'!G:G, 'RAW RESULTS'!D:D=$A$3 ) )"),"Pinya") -> Pinya | M21: =COUNTIFS( 'RAW RESULTS'!D:D,$A$3, 'RAW RESULTS'!G:G,L21, 'RAW RESULTS'!J:J,"W" ) -> 0 | N21: =COUNTIFS( 'RAW RESULTS'!D:D,$A$3, 'RAW RESULTS'!G:G,L21, 'RAW RESULTS'!J:J,"L" ) -> 2 | O21: =IFERROR( M21/(M21+N21), 0 ) -> 0 | U21: =IFERROR( R21/(R21+S21), 0 ) -> 0 | AB21: =IFERROR( Y21/(Y21+Z21), 0 ) -> 0
A22: =IFERROR(__xludf.DUMMYFUNCTION("""COMPUTED_VALUE"""),5.0) -> 5 | B22: =IFERROR(__xludf.DUMMYFUNCTION("""COMPUTED_VALUE"""),46172.0) -> 46172 | C22: =IFERROR(__xludf.DUMMYFUNCTION("""COMPUTED_VALUE"""),3.0) -> 3 | D22: =IFERROR(__xludf.DUMMYFUNCTION("""COMPUTED_VALUE"""),"Mualco") -> Mualco | E22: =IFERROR(__xludf.DUMMYFUNCTION("""COMPUTED_VALUE"""),"GCR") -> GCR | F22: =IFERROR(__xludf.DUMMYFUNCTION("""COMPUTED_VALUE"""),"8 Door") -> 8 Door | G22: =IFERROR(__xludf.DUMMYFUNCTION("""COMPUTED_VALUE"""),"?") -> ? | H22: =IFERROR(__xludf.DUMMYFUNCTION("""COMPUTED_VALUE"""),"EIS") -> EIS | I22: =IFERROR(__xludf.DUMMYFUNCTION("""COMPUTED_VALUE"""),"8 Standby") -> 8 Standby | J22: =IFERROR(__xludf.DUMMYFUNCTION("""COMPUTED_VALUE"""),"W") -> W | L22: =IFERROR(__xludf.DUMMYFUNCTION("""COMPUTED_VALUE"""),"?") -> ? | M22: =COUNTIFS( 'RAW RESULTS'!D:D,$A$3, 'RAW RESULTS'!G:G,L22, 'RAW RESULTS'!J:J,"W" ) -> 2 | N22: =COUNTIFS( 'RAW RESULTS'!D:D,$A$3, 'RAW RESULTS'!G:G,L22, 'RAW RESULTS'!J:J,"L" ) -> 1 | O22: =IFERROR( M22/(M22+N22), 0 ) -> 0.66666667 | U22: =IFERROR( R22/(R22+S22), 0 ) -> 0 | AB22: =IFERROR( Y22/(Y22+Z22), 0 ) -> 0
A23: =IFERROR(__xludf.DUMMYFUNCTION("""COMPUTED_VALUE"""),5.0) -> 5 | B23: =IFERROR(__xludf.DUMMYFUNCTION("""COMPUTED_VALUE"""),46172.0) -> 46172 | C23: =IFERROR(__xludf.DUMMYFUNCTION("""COMPUTED_VALUE"""),4.0) -> 4 | D23: =IFERROR(__xludf.DUMMYFUNCTION("""COMPUTED_VALUE"""),"Mualco") -> Mualco | E23: =IFERROR(__xludf.DUMMYFUNCTION("""COMPUTED_VALUE"""),"GCR") -> GCR | F23: =IFERROR(__xludf.DUMMYFUNCTION("""COMPUTED_VALUE"""),"8 Door") -> 8 Door | G23: =IFERROR(__xludf.DUMMYFUNCTION("""COMPUTED_VALUE"""),"JustFluffy") -> JustFluffy | H23: =IFERROR(__xludf.DUMMYFUNCTION("""COMPUTED_VALUE"""),"BAV ") -> BAV | I23: =IFERROR(__xludf.DUMMYFUNCTION("""COMPUTED_VALUE"""),"Pants Choice ") -> Pants Choice | J23: =IFERROR(__xludf.DUMMYFUNCTION("""COMPUTED_VALUE"""),"L") -> L | L23: =IFERROR(__xludf.DUMMYFUNCTION("""COMPUTED_VALUE"""),"JustFluffy") -> JustFluffy | M23: =COUNTIFS( 'RAW RESULTS'!D:D,$A$3, 'RAW RESULTS'!G:G,L23, 'RAW RESULTS'!J:J,"W" ) -> 1 | N23: =COUNTIFS( 'RAW RESULTS'!D:D,$A$3, 'RAW RESULTS'!G:G,L23, 'RAW RESULTS'!J:J,"L" ) -> 1 | O23: =IFERROR( M23/(M23+N23), 0 ) -> 0.5 | U23: =IFERROR( R23/(R23+S23), 0 ) -> 0 | AB23: =IFERROR( Y23/(Y23+Z23), 0 ) -> 0
A24: =IFERROR(__xludf.DUMMYFUNCTION("""COMPUTED_VALUE"""),4.0) -> 4 | B24: =IFERROR(__xludf.DUMMYFUNCTION("""COMPUTED_VALUE"""),46165.0) -> 46165 | C24: =IFERROR(__xludf.DUMMYFUNCTION("""COMPUTED_VALUE"""),1.0) -> 1 | D24: =IFERROR(__xludf.DUMMYFUNCTION("""COMPUTED_VALUE"""),"Mualco") -> Mualco | E24: =IFERROR(__xludf.DUMMYFUNCTION("""COMPUTED_VALUE"""),"GCR") -> GCR | F24: =IFERROR(__xludf.DUMMYFUNCTION("""COMPUTED_VALUE"""),"8 Door") -> 8 Door | G24: =IFERROR(__xludf.DUMMYFUNCTION("""COMPUTED_VALUE"""),"Agus") -> Agus | H24: =IFERROR(__xludf.DUMMYFUNCTION("""COMPUTED_VALUE"""),"DAL") -> DAL | I24: =IFERROR(__xludf.DUMMYFUNCTION("""COMPUTED_VALUE"""),"8 Standby") -> 8 Standby | J24: =IFERROR(__xludf.DUMMYFUNCTION("""COMPUTED_VALUE"""),"W") -> W | L24: =IFERROR(__xludf.DUMMYFUNCTION("""COMPUTED_VALUE"""),"Agus") -> Agus | M24: =COUNTIFS( 'RAW RESULTS'!D:D,$A$3, 'RAW RESULTS'!G:G,L24, 'RAW RESULTS'!J:J,"W" ) -> 1 | N24: =COUNTIFS( 'RAW RESULTS'!D:D,$A$3, 'RAW RESULTS'!G:G,L24, 'RAW RESULTS'!J:J,"L" ) -> 1 | O24: =IFERROR( M24/(M24+N24), 0 ) -> 0.5 | U24: =IFERROR( R24/(R24+S24), 0 ) -> 0 | AB24: =IFERROR( Y24/(Y24+Z24), 0 ) -> 0
A25: =IFERROR(__xludf.DUMMYFUNCTION("""COMPUTED_VALUE"""),4.0) -> 4 | B25: =IFERROR(__xludf.DUMMYFUNCTION("""COMPUTED_VALUE"""),46165.0) -> 46165 | C25: =IFERROR(__xludf.DUMMYFUNCTION("""COMPUTED_VALUE"""),2.0) -> 2 | D25: =IFERROR(__xludf.DUMMYFUNCTION("""COMPUTED_VALUE"""),"Mualco") -> Mualco | E25: =IFERROR(__xludf.DUMMYFUNCTION("""COMPUTED_VALUE"""),"GCR") -> GCR | F25: =IFERROR(__xludf.DUMMYFUNCTION("""COMPUTED_VALUE"""),"8 Door") -> 8 Door | G25: =IFERROR(__xludf.DUMMYFUNCTION("""COMPUTED_VALUE"""),"Jose Sev") -> Jose Sev | H25: =IFERROR(__xludf.DUMMYFUNCTION("""COMPUTED_VALUE"""),"EIS") -> EIS | I25: =IFERROR(__xludf.DUMMYFUNCTION("""COMPUTED_VALUE"""),"8 Bar") -> 8 Bar | J25: =IFERROR(__xludf.DUMMYFUNCTION("""COMPUTED_VALUE"""),"L") -> L | L25: =IFERROR(__xludf.DUMMYFUNCTION("""COMPUTED_VALUE"""),"Jose Sev") -> Jose Sev | M25: =COUNTIFS( 'RAW RESULTS'!D:D,$A$3, 'RAW RESULTS'!G:G,L25, 'RAW RESULTS'!J:J,"W" ) -> 0 | N25: =COUNTIFS( 'RAW RESULTS'!D:D,$A$3, 'RAW RESULTS'!G:G,L25, 'RAW RESULTS'!J:J,"L" ) -> 1 | O25: =IFERROR( M25/(M25+N25), 0 ) -> 0 | U25: =IFERROR( R25/(R25+S25), 0 ) -> 0 | AB25: =IFERROR( Y25/(Y25+Z25), 0 ) -> 0
A26: =IFERROR(__xludf.DUMMYFUNCTION("""COMPUTED_VALUE"""),4.0) -> 4 | B26: =IFERROR(__xludf.DUMMYFUNCTION("""COMPUTED_VALUE"""),46165.0) -> 46165 | C26: =IFERROR(__xludf.DUMMYFUNCTION("""COMPUTED_VALUE"""),3.0) -> 3 | D26: =IFERROR(__xludf.DUMMYFUNCTION("""COMPUTED_VALUE"""),"Mualco") -> Mualco | E26: =IFERROR(__xludf.DUMMYFUNCTION("""COMPUTED_VALUE"""),"GCR") -> GCR | F26: =IFERROR(__xludf.DUMMYFUNCTION("""COMPUTED_VALUE"""),"8 Door") -> 8 Door | G26: =IFERROR(__xludf.DUMMYFUNCTION("""COMPUTED_VALUE"""),"Angladita") -> Angladita | H26: =IFERROR(__xludf.DUMMYFUNCTION("""COMPUTED_VALUE"""),"OSK") -> OSK | I26: =IFERROR(__xludf.DUMMYFUNCTION("""COMPUTED_VALUE"""),"Door/Pants") -> Door/Pants | J26: =IFERROR(__xludf.DUMMYFUNCTION("""COMPUTED_VALUE"""),"L") -> L | L26: =IFERROR(__xludf.DUMMYFUNCTION("""COMPUTED_VALUE"""),"Angladita") -> Angladita | M26: =COUNTIFS( 'RAW RESULTS'!D:D,$A$3, 'RAW RESULTS'!G:G,L26, 'RAW RESULTS'!J:J,"W" ) -> 0 | N26: =COUNTIFS( 'RAW RESULTS'!D:D,$A$3, 'RAW RESULTS'!G:G,L26, 'RAW RESULTS'!J:J,"L" ) -> 1 | O26: =IFERROR( M26/(M26+N26), 0 ) -> 0 | U26: =IFERROR( R26/(R26+S26), 0 ) -> 0 | AB26: =IFERROR( Y26/(Y26+Z26), 0 ) -> 0
A27: =IFERROR(__xludf.DUMMYFUNCTION("""COMPUTED_VALUE"""),4.0) -> 4 | B27: =IFERROR(__xludf.DUMMYFUNCTION("""COMPUTED_VALUE"""),46165.0) -> 46165 | C27: =IFERROR(__xludf.DUMMYFUNCTION("""COMPUTED_VALUE"""),4.0) -> 4 | D27: =IFERROR(__xludf.DUMMYFUNCTION("""COMPUTED_VALUE"""),"Mualco") -> Mualco | E27: =IFERROR(__xludf.DUMMYFUNCTION("""COMPUTED_VALUE"""),"GCR") -> GCR | F27: =IFERROR(__xludf.DUMMYFUNCTION("""COMPUTED_VALUE"""),"8 Door") -> 8 Door | G27: =IFERROR(__xludf.DUMMYFUNCTION("""COMPUTED_VALUE"""),"Ostrovsky15") -> Ostrovsky15 | H27: =IFERROR(__xludf.DUMMYFUNCTION("""COMPUTED_VALUE"""),"OSK") -> OSK | I27: =IFERROR(__xludf.DUMMYFUNCTION("""COMPUTED_VALUE"""),"Door/Pants") -> Door/Pants | J27: =IFERROR(__xludf.DUMMYFUNCTION("""COMPUTED_VALUE"""),"L") -> L | L27: =IFERROR(__xludf.DUMMYFUNCTION("""COMPUTED_VALUE"""),"Ostrovsky15") -> Ostrovsky15 | M27: =COUNTIFS( 'RAW RESULTS'!D:D,$A$3, 'RAW RESULTS'!G:G,L27, 'RAW RESULTS'!J:J,"W" ) -> 0 | N27: =COUNTIFS( 'RAW RESULTS'!D:D,$A$3, 'RAW RESULTS'!G:G,L27, 'RAW RESULTS'!J:J,"L" ) -> 1 | O27: =IFERROR( M27/(M27+N27), 0 ) -> 0 | U27: =IFERROR( R27/(R27+S27), 0 ) -> 0 | AB27: =IFERROR( Y27/(Y27+Z27), 0 ) -> 0
A28: =IFERROR(__xludf.DUMMYFUNCTION("""COMPUTED_VALUE"""),4.0) -> 4 | B28: =IFERROR(__xludf.DUMMYFUNCTION("""COMPUTED_VALUE"""),46165.0) -> 46165 | C28: =IFERROR(__xludf.DUMMYFUNCTION("""COMPUTED_VALUE"""),5.0) -> 5 | D28: =IFERROR(__xludf.DUMMYFUNCTION("""COMPUTED_VALUE"""),"Mualco") -> Mualco | E28: =IFERROR(__xludf.DUMMYFUNCTION("""COMPUTED_VALUE"""),"GCR") -> GCR | F28: =IFERROR(__xludf.DUMMYFUNCTION("""COMPUTED_VALUE"""),"8 Door") -> 8 Door | G28: =IFERROR(__xludf.DUMMYFUNCTION("""COMPUTED_VALUE"""),"?") -> ? | H28: =IFERROR(__xludf.DUMMYFUNCTION("""COMPUTED_VALUE"""),"OSK") -> OSK | I28: =IFERROR(__xludf.DUMMYFUNCTION("""COMPUTED_VALUE"""),"Door/Pants") -> Door/Pants | J28: =IFERROR(__xludf.DUMMYFUNCTION("""COMPUTED_VALUE"""),"L") -> L | L28: =IFERROR(__xludf.DUMMYFUNCTION("""COMPUTED_VALUE"""),"Doris") -> Doris | M28: =COUNTIFS( 'RAW RESULTS'!D:D,$A$3, 'RAW RESULTS'!G:G,L28, 'RAW RESULTS'!J:J,"W" ) -> 1 | N28: =COUNTIFS( 'RAW RESULTS'!D:D,$A$3, 'RAW RESULTS'!G:G,L28, 'RAW RESULTS'!J:J,"L" ) -> 0 | O28: =IFERROR( M28/(M28+N28), 0 ) -> 1 | U28: =IFERROR( R28/(R28+S28), 0 ) -> 0 | AB28: =IFERROR( Y28/(Y28+Z28), 0 ) -> 0
A29: =IFERROR(__xludf.DUMMYFUNCTION("""COMPUTED_VALUE"""),3.0) -> 3 | B29: =IFERROR(__xludf.DUMMYFUNCTION("""COMPUTED_VALUE"""),46158.0) -> 46158 | C29: =IFERROR(__xludf.DUMMYFUNCTION("""COMPUTED_VALUE"""),1.0) -> 1 | D29: =IFERROR(__xludf.DUMMYFUNCTION("""COMPUTED_VALUE"""),"Mualco") -> Mualco | E29: =IFERROR(__xludf.DUMMYFUNCTION("""COMPUTED_VALUE"""),"BTR") -> BTR | F29: =IFERROR(__xludf.DUMMYFUNCTION("""COMPUTED_VALUE"""),"Door Bar") -> Door Bar | G29: =IFERROR(__xludf.DUMMYFUNCTION("""COMPUTED_VALUE"""),"Doris") -> Doris | H29: =IFERROR(__xludf.DUMMYFUNCTION("""COMPUTED_VALUE"""),"SFN") -> SFN | I29: =IFERROR(__xludf.DUMMYFUNCTION("""COMPUTED_VALUE"""),"Modified TD") -> Modified TD | J29: =IFERROR(__xludf.DUMMYFUNCTION("""COMPUTED_VALUE"""),"W") -> W | L29: =IFERROR(__xludf.DUMMYFUNCTION("""COMPUTED_VALUE"""),"Seyer") -> Seyer | M29: =COUNTIFS( 'RAW RESULTS'!D:D,$A$3, 'RAW RESULTS'!G:G,L29, 'RAW RESULTS'!J:J,"W" ) -> 1 | N29: =COUNTIFS( 'RAW RESULTS'!D:D,$A$3, 'RAW RESULTS'!G:G,L29, 'RAW RESULTS'!J:J,"L" ) -> 0 | O29: =IFERROR( M29/(M29+N29), 0 ) -> 1 | U29: =IFERROR( R29/(R29+S29), 0 ) -> 0 | AB29: =IFERROR( Y29/(Y29+Z29), 0 ) -> 0
A30: =IFERROR(__xludf.DUMMYFUNCTION("""COMPUTED_VALUE"""),3.0) -> 3 | B30: =IFERROR(__xludf.DUMMYFUNCTION("""COMPUTED_VALUE"""),46158.0) -> 46158 | C30: =IFERROR(__xludf.DUMMYFUNCTION("""COMPUTED_VALUE"""),2.0) -> 2 | D30: =IFERROR(__xludf.DUMMYFUNCTION("""COMPUTED_VALUE"""),"Mualco") -> Mualco | E30: =IFERROR(__xludf.DUMMYFUNCTION("""COMPUTED_VALUE"""),"BTR") -> BTR | F30: =IFERROR(__xludf.DUMMYFUNCTION("""COMPUTED_VALUE"""),"Door Bar") -> Door Bar | G30: =IFERROR(__xludf.DUMMYFUNCTION("""COMPUTED_VALUE"""),"Seyer") -> Seyer | H30: =IFERROR(__xludf.DUMMYFUNCTION("""COMPUTED_VALUE"""),"DDD") -> DDD | I30: =IFERROR(__xludf.DUMMYFUNCTION("""COMPUTED_VALUE"""),"8 Bar") -> 8 Bar | J30: =IFERROR(__xludf.DUMMYFUNCTION("""COMPUTED_VALUE"""),"W") -> W | M30: =COUNTIFS( 'RAW RESULTS'!D:D,$A$3, 'RAW RESULTS'!G:G,L30, 'RAW RESULTS'!J:J,"W" ) -> 0 | N30: =COUNTIFS( 'RAW RESULTS'!D:D,$A$3, 'RAW RESULTS'!G:G,L30, 'RAW RESULTS'!J:J,"L" ) -> 0 | O30: =IFERROR( M30/(M30+N30), 0 ) -> 0 | U30: =IFERROR( R30/(R30+S30), 0 ) -> 0 | AB30: =IFERROR( Y30/(Y30+Z30), 0 ) -> 0
A31: =IFERROR(__xludf.DUMMYFUNCTION("""COMPUTED_VALUE"""),3.0) -> 3 | B31: =IFERROR(__xludf.DUMMYFUNCTION("""COMPUTED_VALUE"""),46158.0) -> 46158 | C31: =IFERROR(__xludf.DUMMYFUNCTION("""COMPUTED_VALUE"""),3.0) -> 3 | D31: =IFERROR(__xludf.DUMMYFUNCTION("""COMPUTED_VALUE"""),"Mualco") -> Mualco | E31: =IFERROR(__xludf.DUMMYFUNCTION("""COMPUTED_VALUE"""),"BTR") -> BTR | F31: =IFERROR(__xludf.DUMMYFUNCTION("""COMPUTED_VALUE"""),"Door Bar") -> Door Bar | H31: =IFERROR(__xludf.DUMMYFUNCTION("""COMPUTED_VALUE"""),"EIS") -> EIS | I31: =IFERROR(__xludf.DUMMYFUNCTION("""COMPUTED_VALUE"""),"8 Standby") -> 8 Standby | J31: =IFERROR(__xludf.DUMMYFUNCTION("""COMPUTED_VALUE"""),"W") -> W | L31: =IFERROR(__xludf.DUMMYFUNCTION("""COMPUTED_VALUE"""),"Kartoffel") -> Kartoffel | M31: =COUNTIFS( 'RAW RESULTS'!D:D,$A$3, 'RAW RESULTS'!G:G,L31, 'RAW RESULTS'!J:J,"W" ) -> 0 | N31: =COUNTIFS( 'RAW RESULTS'!D:D,$A$3, 'RAW RESULTS'!G:G,L31, 'RAW RESULTS'!J:J,"L" ) -> 1 | O31: =IFERROR( M31/(M31+N31), 0 ) -> 0 | U31: =IFERROR( R31/(R31+S31), 0 ) -> 0 | AB31: =IFERROR( Y31/(Y31+Z31), 0 ) -> 0
A32: =IFERROR(__xludf.DUMMYFUNCTION("""COMPUTED_VALUE"""),3.0) -> 3 | B32: =IFERROR(__xludf.DUMMYFUNCTION("""COMPUTED_VALUE"""),46158.0) -> 46158 | C32: =IFERROR(__xludf.DUMMYFUNCTION("""COMPUTED_VALUE"""),4.0) -> 4 | D32: =IFERROR(__xludf.DUMMYFUNCTION("""COMPUTED_VALUE"""),"Mualco") -> Mualco | E32: =IFERROR(__xludf.DUMMYFUNCTION("""COMPUTED_VALUE"""),"BTR") -> BTR | F32: =IFERROR(__xludf.DUMMYFUNCTION("""COMPUTED_VALUE"""),"Door Bar") -> Door Bar | G32: =IFERROR(__xludf.DUMMYFUNCTION("""COMPUTED_VALUE"""),"Agus") -> Agus | H32: =IFERROR(__xludf.DUMMYFUNCTION("""COMPUTED_VALUE"""),"DAL") -> DAL | I32: =IFERROR(__xludf.DUMMYFUNCTION("""COMPUTED_VALUE"""),"8 Standby") -> 8 Standby | J32: =IFERROR(__xludf.DUMMYFUNCTION("""COMPUTED_VALUE"""),"L") -> L | M32: =COUNTIFS( 'RAW RESULTS'!D:D,$A$3, 'RAW RESULTS'!G:G,L32, 'RAW RESULTS'!J:J,"W" ) -> 0 | N32: =COUNTIFS( 'RAW RESULTS'!D:D,$A$3, 'RAW RESULTS'!G:G,L32, 'RAW RESULTS'!J:J,"L" ) -> 0 | O32: =IFERROR( M32/(M32+N32), 0 ) -> 0 | U32: =IFERROR( R32/(R32+S32), 0 ) -> 0 | AB32: =IFERROR( Y32/(Y32+Z32), 0 ) -> 0
M33: =COUNTIFS( 'RAW RESULTS'!D:D,$A$3, 'RAW RESULTS'!G:G,L33, 'RAW RESULTS'!J:J,"W" ) -> 0 | N33: =COUNTIFS( 'RAW RESULTS'!D:D,$A$3, 'RAW RESULTS'!G:G,L33, 'RAW RESULTS'!J:J,"L" ) -> 0 | O33: =IFERROR( M33/(M33+N33), 0 ) -> 0 | U33: =IFERROR( R33/(R33+S33), 0 ) -> 0 | AB33: =IFERROR( Y33/(Y33+Z33), 0 ) -> 0
M34: =COUNTIFS( 'RAW RESULTS'!D:D,$A$3, 'RAW RESULTS'!G:G,L34, 'RAW RESULTS'!J:J,"W" ) -> 0 | N34: =COUNTIFS( 'RAW RESULTS'!D:D,$A$3, 'RAW RESULTS'!G:G,L34, 'RAW RESULTS'!J:J,"L" ) -> 0 | O34: =IFERROR( M34/(M34+N34), 0 ) -> 0 | U34: =IFERROR( R34/(R34+S34), 0 ) -> 0 | AB34: =IFERROR( Y34/(Y34+Z34), 0 ) -> 0
M35: =COUNTIFS( 'RAW RESULTS'!D:D,$A$3, 'RAW RESULTS'!G:G,L35, 'RAW RESULTS'!J:J,"W" ) -> 0 | N35: =COUNTIFS( 'RAW RESULTS'!D:D,$A$3, 'RAW RESULTS'!G:G,L35, 'RAW RESULTS'!J:J,"L" ) -> 0 | O35: =IFERROR( M35/(M35+N35), 0 ) -> 0 | U35: =IFERROR( R35/(R35+S35), 0 ) -> 0 | AB35: =IFERROR( Y35/(Y35+Z35), 0 ) -> 0
M36: =COUNTIFS( 'RAW RESULTS'!D:D,$A$3, 'RAW RESULTS'!G:G,L36, 'RAW RESULTS'!J:J,"W" ) -> 0 | N36: =COUNTIFS( 'RAW RESULTS'!D:D,$A$3, 'RAW RESULTS'!G:G,L36, 'RAW RESULTS'!J:J,"L" ) -> 0 | O36: =IFERROR( M36/(M36+N36), 0 ) -> 0 | U36: =IFERROR( R36/(R36+S36), 0 ) -> 0 | AB36: =IFERROR( Y36/(Y36+Z36), 0 ) -> 0
M37: =COUNTIFS( 'RAW RESULTS'!D:D,$A$3, 'RAW RESULTS'!G:G,L37, 'RAW RESULTS'!J:J,"W" ) -> 0 | N37: =COUNTIFS( 'RAW RESULTS'!D:D,$A$3, 'RAW RESULTS'!G:G,L37, 'RAW RESULTS'!J:J,"L" ) -> 0 | O37: =IFERROR( M37/(M37+N37), 0 ) -> 0 | U37: =IFERROR( R37/(R37+S37), 0 ) -> 0 | AB37: =IFERROR( Y37/(Y37+Z37), 0 ) -> 0
M38: =COUNTIFS( 'RAW RESULTS'!D:D,$A$3, 'RAW RESULTS'!G:G,L38, 'RAW RESULTS'!J:J,"W" ) -> 0 | N38: =COUNTIFS( 'RAW RESULTS'!D:D,$A$3, 'RAW RESULTS'!G:G,L38, 'RAW RESULTS'!J:J,"L" ) -> 0 | O38: =IFERROR( M38/(M38+N38), 0 ) -> 0 | U38: =IFERROR( R38/(R38+S38), 0 ) -> 0 | AB38: =IFERROR( Y38/(Y38+Z38), 0 ) -> 0
M39: =COUNTIFS( 'RAW RESULTS'!D:D,$A$3, 'RAW RESULTS'!G:G,L39, 'RAW RESULTS'!J:J,"W" ) -> 0 | N39: =COUNTIFS( 'RAW RESULTS'!D:D,$A$3, 'RAW RESULTS'!G:G,L39, 'RAW RESULTS'!J:J,"L" ) -> 0 | O39: =IFERROR( M39/(M39+N39), 0 ) -> 0 | U39: =IFERROR( R39/(R39+S39), 0 ) -> 0 | AB39: =IFERROR( Y39/(Y39+Z39), 0 ) -> 0
M40: =COUNTIFS( 'RAW RESULTS'!D:D,$A$3, 'RAW RESULTS'!G:G,L40, 'RAW RESULTS'!J:J,"W" ) -> 0 | N40: =COUNTIFS( 'RAW RESULTS'!D:D,$A$3, 'RAW RESULTS'!G:G,L40, 'RAW RESULTS'!J:J,"L" ) -> 0 | O40: =IFERROR( M40/(M40+N40), 0 ) -> 0 | U40: =IFERROR( R40/(R40+S40), 0 ) -> 0 | AB40: =IFERROR( Y40/(Y40+Z40), 0 ) -> 0
M41: =COUNTIFS( 'RAW RESULTS'!D:D,$A$3, 'RAW RESULTS'!G:G,L41, 'RAW RESULTS'!J:J,"W" ) -> 0 | N41: =COUNTIFS( 'RAW RESULTS'!D:D,$A$3, 'RAW RESULTS'!G:G,L41, 'RAW RESULTS'!J:J,"L" ) -> 0 | O41: =IFERROR( M41/(M41+N41), 0 ) -> 0 | U41: =IFERROR( R41/(R41+S41), 0 ) -> 0 | AB41: =IFERROR( Y41/(Y41+Z41), 0 ) -> 0
AB42: =IFERROR( Y42/(Y42+Z42), 0 ) -> 0

Sheet Raw Data
